,antecedents,consequents,antecedent support,consequent support,support,confidence,lift,leverage,conviction,zhangs_metric
0,frozenset({'The Blacklist'}),frozenset({'Ozark'}),0.6428571428571429,0.7380952380952381,0.5,0.7777777777777777,1.0537634408602148,0.02551020408163257,1.178571428571428,0.1428571428571424
1,frozenset({'Ozark'}),frozenset({'The Blacklist'}),0.7380952380952381,0.6428571428571429,0.5,0.6774193548387096,1.053763440860215,0.02551020408163257,1.1071428571428568,0.1948051948051942
2,frozenset({'Atypical'}),frozenset({'Ozark'}),0.5714285714285714,0.7380952380952381,0.4523809523809524,0.7916666666666667,1.0725806451612903,0.030612244897959162,1.2571428571428573,0.15789473684210514
3,frozenset({'Ozark'}),frozenset({'Atypical'}),0.7380952380952381,0.5714285714285714,0.4523809523809524,0.6129032258064516,1.0725806451612905,0.030612244897959162,1.1071428571428572,0.25837320574162664
4,frozenset({'Mr. Robot'}),frozenset({'Ozark'}),0.5,0.7380952380952381,0.42857142857142855,0.8571428571428571,1.161290322580645,0.05952380952380948,1.8333333333333324,0.27777777777777757
5,frozenset({'Ozark'}),frozenset({'Mr. Robot'}),0.7380952380952381,0.5,0.42857142857142855,0.5806451612903225,1.161290322580645,0.05952380952380948,1.192307692307692,0.53030303030303
6,frozenset({'The Blacklist'}),frozenset({'Atypical'}),0.6428571428571429,0.5714285714285714,0.42857142857142855,0.6666666666666666,1.1666666666666667,0.061224489795918324,1.2857142857142856,0.3999999999999998
7,frozenset({'Atypical'}),frozenset({'The Blacklist'}),0.5714285714285714,0.6428571428571429,0.42857142857142855,0.75,1.1666666666666665,0.061224489795918324,1.4285714285714284,0.3333333333333331
11,frozenset({'Family Guy'}),frozenset({'Atypical'}),0.4523809523809524,0.5714285714285714,0.38095238095238093,0.8421052631578947,1.4736842105263157,0.1224489795918367,2.7142857142857135,0.5869565217391303
12,frozenset({'Ozark'}),frozenset({'The Walking Dead'}),0.7380952380952381,0.47619047619047616,0.38095238095238093,0.5161290322580645,1.0838709677419356,0.02947845804988658,1.0825396825396825,0.29545454545454514
13,frozenset({'The Walking Dead'}),frozenset({'Ozark'}),0.47619047619047616,0.7380952380952381,0.38095238095238093,0.8,1.0838709677419356,0.02947845804988658,1.3095238095238095,0.1477272727272725
10,frozenset({'Atypical'}),frozenset({'Family Guy'}),0.5714285714285714,0.4523809523809524,0.38095238095238093,0.6666666666666666,1.4736842105263157,0.1224489795918367,1.6428571428571428,0.7499999999999998
9,frozenset({'Family Guy'}),frozenset({'Ozark'}),0.4523809523809524,0.7380952380952381,0.38095238095238093,0.8421052631578947,1.1409168081494057,0.0470521541950113,1.658730158730158,0.22554347826086937
8,frozenset({'Ozark'}),frozenset({'Family Guy'}),0.7380952380952381,0.4523809523809524,0.38095238095238093,0.5161290322580645,1.1409168081494057,0.0470521541950113,1.1317460317460317,0.4715909090909088
14,frozenset({'Ozark'}),frozenset({'Deception'}),0.7380952380952381,0.47619047619047616,0.35714285714285715,0.48387096774193544,1.0161290322580645,0.0056689342403628,1.0148809523809526,0.06060606060606048
15,frozenset({'Deception'}),frozenset({'Ozark'}),0.47619047619047616,0.7380952380952381,0.35714285714285715,0.7500000000000001,1.0161290322580645,0.0056689342403628,1.047619047619048,0.030303030303030234
16,frozenset({'Ozark'}),frozenset({'Berlin Station'}),0.7380952380952381,0.4523809523809524,0.35714285714285715,0.48387096774193544,1.0696095076400678,0.023242630385487517,1.0610119047619049,0.2484848484848484
17,frozenset({'Berlin Station'}),frozenset({'Ozark'}),0.4523809523809524,0.7380952380952381,0.35714285714285715,0.7894736842105263,1.0696095076400678,0.023242630385487517,1.2440476190476188,0.11884057971014486
27,frozenset({'Family Guy'}),frozenset({'The Blacklist'}),0.4523809523809524,0.6428571428571429,0.3333333333333333,0.7368421052631579,1.1461988304093567,0.042517006802721025,1.3571428571428568,0.23291925465838473
35,frozenset({'Shadow and Bone'}),frozenset({'The Blacklist'}),0.47619047619047616,0.6428571428571429,0.3333333333333333,0.7,1.0888888888888888,0.02721088435374147,1.1904761904761902,0.1558441558441557
34,frozenset({'The Blacklist'}),frozenset({'Shadow and Bone'}),0.6428571428571429,0.47619047619047616,0.3333333333333333,0.5185185185185185,1.0888888888888888,0.02721088435374147,1.0879120879120878,0.2285714285714284
33,frozenset({'Deception'}),frozenset({'Atypical'}),0.47619047619047616,0.5714285714285714,0.3333333333333333,0.7,1.225,0.06122448979591838,1.4285714285714284,0.35064935064935077
32,frozenset({'Atypical'}),frozenset({'Deception'}),0.5714285714285714,0.47619047619047616,0.3333333333333333,0.5833333333333334,1.225,0.06122448979591838,1.2571428571428573,0.42857142857142866
31,frozenset({'Shadow and Bone'}),frozenset({'Ozark'}),0.47619047619047616,0.7380952380952381,0.3333333333333333,0.7,0.9483870967741934,-0.018140589569161036,0.8730158730158728,-0.09411764705882372
30,frozenset({'Ozark'}),frozenset({'Shadow and Bone'}),0.7380952380952381,0.47619047619047616,0.3333333333333333,0.4516129032258064,0.9483870967741934,-0.018140589569161036,0.9551820728291316,-0.17204301075268852
29,frozenset({'The Blacklist'}),frozenset({'Mr. Robot'}),0.6428571428571429,0.5,0.3333333333333333,0.5185185185185185,1.037037037037037,0.011904761904761862,1.0384615384615383,0.09999999999999966
28,frozenset({'Mr. Robot'}),frozenset({'The Blacklist'}),0.5,0.6428571428571429,0.3333333333333333,0.6666666666666666,1.037037037037037,0.011904761904761862,1.0714285714285712,0.07142857142857117
23,frozenset({'Ozark'}),"frozenset({'The Blacklist', 'Atypical'})",0.7380952380952381,0.42857142857142855,0.3333333333333333,0.4516129032258064,1.053763440860215,0.0170068027210884,1.042016806722689,0.19480519480519443
26,frozenset({'The Blacklist'}),frozenset({'Family Guy'}),0.6428571428571429,0.4523809523809524,0.3333333333333333,0.5185185185185185,1.1461988304093567,0.042517006802721025,1.1373626373626373,0.35714285714285665
24,frozenset({'The Blacklist'}),frozenset({'Demon Slayer'}),0.6428571428571429,0.47619047619047616,0.3333333333333333,0.5185185185185185,1.0888888888888888,0.02721088435374147,1.0879120879120878,0.2285714285714284
22,frozenset({'Atypical'}),"frozenset({'The Blacklist', 'Ozark'})",0.5714285714285714,0.5,0.3333333333333333,0.5833333333333334,1.1666666666666667,0.047619047619047616,1.2000000000000002,0.3333333333333333
21,frozenset({'The Blacklist'}),"frozenset({'Atypical', 'Ozark'})",0.6428571428571429,0.4523809523809524,0.3333333333333333,0.5185185185185185,1.1461988304093567,0.042517006802721025,1.1373626373626373,0.35714285714285665
20,"frozenset({'Atypical', 'Ozark'})",frozenset({'The Blacklist'}),0.4523809523809524,0.6428571428571429,0.3333333333333333,0.7368421052631579,1.1461988304093567,0.042517006802721025,1.3571428571428568,0.23291925465838473
19,"frozenset({'The Blacklist', 'Ozark'})",frozenset({'Atypical'}),0.5,0.5714285714285714,0.3333333333333333,0.6666666666666666,1.1666666666666667,0.047619047619047616,1.2857142857142856,0.2857142857142857
18,"frozenset({'The Blacklist', 'Atypical'})",frozenset({'Ozark'}),0.42857142857142855,0.7380952380952381,0.3333333333333333,0.7777777777777778,1.053763440860215,0.0170068027210884,1.1785714285714284,0.0892857142857141
25,frozenset({'Demon Slayer'}),frozenset({'The Blacklist'}),0.47619047619047616,0.6428571428571429,0.3333333333333333,0.7,1.0888888888888888,0.02721088435374147,1.1904761904761902,0.1558441558441557
51,frozenset({'Atypical'}),"frozenset({'Family Guy', 'Ozark'})",0.5714285714285714,0.38095238095238093,0.30952380952380953,0.5416666666666667,1.4218750000000002,0.0918367346938776,1.3506493506493509,0.6923076923076926
48,"frozenset({'Atypical', 'Family Guy'})",frozenset({'Ozark'}),0.38095238095238093,0.7380952380952381,0.30952380952380953,0.8125000000000001,1.1008064516129032,0.028344671201814053,1.3968253968253974,0.1479289940828402
49,"frozenset({'Atypical', 'Ozark'})",frozenset({'Family Guy'}),0.4523809523809524,0.4523809523809524,0.30952380952380953,0.6842105263157895,1.5124653739612188,0.10487528344671201,1.7341269841269844,0.6187290969899665
50,"frozenset({'Family Guy', 'Ozark'})",frozenset({'Atypical'}),0.38095238095238093,0.5714285714285714,0.30952380952380953,0.8125000000000001,1.4218750000000002,0.0918367346938776,2.2857142857142874,0.4792899408284026
55,frozenset({'The Mentalist'}),frozenset({'Atypical'}),0.42857142857142855,0.5714285714285714,0.30952380952380953,0.7222222222222223,1.263888888888889,0.0646258503401361,1.5428571428571436,0.36538461538461564
52,frozenset({'Family Guy'}),"frozenset({'Atypical', 'Ozark'})",0.4523809523809524,0.4523809523809524,0.30952380952380953,0.6842105263157895,1.5124653739612188,0.10487528344671201,1.7341269841269844,0.6187290969899665
53,frozenset({'Ozark'}),"frozenset({'Atypical', 'Family Guy'})",0.7380952380952381,0.38095238095238093,0.30952380952380953,0.41935483870967744,1.1008064516129032,0.028344671201814053,1.0661375661375663,0.34965034965034963
54,frozenset({'Atypical'}),frozenset({'The Mentalist'}),0.5714285714285714,0.42857142857142855,0.30952380952380953,0.5416666666666667,1.263888888888889,0.0646258503401361,1.246753246753247,0.4871794871794875
46,frozenset({'The Blacklist'}),frozenset({'The Walking Dead'}),0.6428571428571429,0.47619047619047616,0.30952380952380953,0.48148148148148145,1.011111111111111,0.003401360544217691,1.010204081632653,0.03076923076923081
47,frozenset({'The Walking Dead'}),frozenset({'The Blacklist'}),0.47619047619047616,0.6428571428571429,0.30952380952380953,0.65,1.011111111111111,0.003401360544217691,1.0204081632653061,0.020979020979021
37,frozenset({'Atypical'}),frozenset({'Mr. Robot'}),0.5714285714285714,0.5,0.30952380952380953,0.5416666666666667,1.0833333333333335,0.023809523809523836,1.090909090909091,0.17948717948717968
45,frozenset({'The Mentalist'}),frozenset({'Ozark'}),0.42857142857142855,0.7380952380952381,0.30952380952380953,0.7222222222222223,0.9784946236559141,-0.006802721088435382,0.9428571428571431,-0.03703703703703708
43,frozenset({'Family Guy'}),"frozenset({'The Blacklist', 'Atypical'})",0.4523809523809524,0.42857142857142855,0.30952380952380953,0.6842105263157895,1.5964912280701755,0.11564625850340138,1.8095238095238095,0.6822742474916389
42,frozenset({'Atypical'}),"frozenset({'The Blacklist', 'Family Guy'})",0.5714285714285714,0.3333333333333333,0.30952380952380953,0.5416666666666667,1.6250000000000002,0.11904761904761907,1.454545454545455,0.8974358974358976
41,frozenset({'The Blacklist'}),"frozenset({'Atypical', 'Family Guy'})",0.6428571428571429,0.38095238095238093,0.30952380952380953,0.48148148148148145,1.2638888888888888,0.06462585034013607,1.193877551020408,0.5846153846153849
40,"frozenset({'Atypical', 'Family Guy'})",frozenset({'The Blacklist'}),0.38095238095238093,0.6428571428571429,0.30952380952380953,0.8125000000000001,1.263888888888889,0.06462585034013607,1.9047619047619055,0.3372781065088758
39,"frozenset({'The Blacklist', 'Family Guy'})",frozenset({'Atypical'}),0.3333333333333333,0.5714285714285714,0.30952380952380953,0.9285714285714286,1.6250000000000002,0.11904761904761907,6.0000000000000036,0.576923076923077
38,"frozenset({'The Blacklist', 'Atypical'})",frozenset({'Family Guy'}),0.42857142857142855,0.4523809523809524,0.30952380952380953,0.7222222222222223,1.5964912280701757,0.11564625850340138,1.9714285714285724,0.653846153846154
36,frozenset({'Mr. Robot'}),frozenset({'Atypical'}),0.5,0.5714285714285714,0.30952380952380953,0.6190476190476191,1.0833333333333335,0.023809523809523836,1.1250000000000002,0.15384615384615402
44,frozenset({'Ozark'}),frozenset({'The Mentalist'}),0.7380952380952381,0.42857142857142855,0.30952380952380953,0.41935483870967744,0.9784946236559141,-0.006802721088435382,0.9841269841269842,-0.07741935483870978
79,frozenset({'Ozark'}),"frozenset({'Mr. Robot', 'The Blacklist'})",0.7380952380952381,0.3333333333333333,0.2857142857142857,0.3870967741935483,1.161290322580645,0.03968253968253965,1.0877192982456139,0.53030303030303
81,frozenset({'12 Monkeys'}),frozenset({'The Blacklist'}),0.35714285714285715,0.6428571428571429,0.2857142857142857,0.7999999999999999,1.2444444444444442,0.05612244897959179,1.785714285714285,0.3055555555555553
80,frozenset({'The Blacklist'}),frozenset({'12 Monkeys'}),0.6428571428571429,0.35714285714285715,0.2857142857142857,0.44444444444444436,1.2444444444444442,0.05612244897959179,1.157142857142857,0.5499999999999997
76,"frozenset({'The Blacklist', 'Ozark'})",frozenset({'Mr. Robot'}),0.5,0.5,0.2857142857142857,0.5714285714285714,1.1428571428571428,0.0357142857142857,1.1666666666666665,0.2499999999999999
78,frozenset({'The Blacklist'}),"frozenset({'Mr. Robot', 'Ozark'})",0.6428571428571429,0.42857142857142855,0.2857142857142857,0.44444444444444436,1.037037037037037,0.010204081632653017,1.0285714285714285,0.09999999999999959
77,frozenset({'Mr. Robot'}),"frozenset({'The Blacklist', 'Ozark'})",0.5,0.5,0.2857142857142857,0.5714285714285714,1.1428571428571428,0.0357142857142857,1.1666666666666665,0.2499999999999999
83,frozenset({'Berlin Station'}),frozenset({'The Blacklist'}),0.4523809523809524,0.6428571428571429,0.2857142857142857,0.631578947368421,0.982456140350877,-0.005102040816326592,0.9693877551020406,-0.03157894736842142
82,frozenset({'The Blacklist'}),frozenset({'Berlin Station'}),0.6428571428571429,0.4523809523809524,0.2857142857142857,0.44444444444444436,0.982456140350877,-0.005102040816326592,0.9857142857142858,-0.04761904761904818
88,frozenset({'Atypical'}),frozenset({'Berlin Station'}),0.5714285714285714,0.4523809523809524,0.2857142857142857,0.5,1.1052631578947367,0.02721088435374147,1.0952380952380953,0.22222222222222202
84,frozenset({'Atypical'}),frozenset({'12 Monkeys'}),0.5714285714285714,0.35714285714285715,0.2857142857142857,0.5,1.4,0.08163265306122447,1.2857142857142856,0.6666666666666665
85,frozenset({'12 Monkeys'}),frozenset({'Atypical'}),0.35714285714285715,0.5714285714285714,0.2857142857142857,0.7999999999999999,1.4,0.08163265306122447,2.1428571428571423,0.44444444444444436
86,frozenset({'Ozark'}),frozenset({'Cobra Kai'}),0.7380952380952381,0.3333333333333333,0.2857142857142857,0.3870967741935483,1.161290322580645,0.03968253968253965,1.0877192982456139,0.53030303030303
87,frozenset({'Cobra Kai'}),frozenset({'Ozark'}),0.3333333333333333,0.7380952380952381,0.2857142857142857,0.8571428571428571,1.161290322580645,0.03968253968253965,1.8333333333333324,0.20833333333333315
89,frozenset({'Berlin Station'}),frozenset({'Atypical'}),0.4523809523809524,0.5714285714285714,0.2857142857142857,0.631578947368421,1.105263157894737,0.02721088435374147,1.163265306122449,0.1739130434782607
90,frozenset({'The Wire'}),frozenset({'The Mentalist'}),0.35714285714285715,0.42857142857142855,0.2857142857142857,0.7999999999999999,1.8666666666666667,0.13265306122448978,2.857142857142856,0.7222222222222222
91,frozenset({'The Mentalist'}),frozenset({'The Wire'}),0.42857142857142855,0.35714285714285715,0.2857142857142857,0.6666666666666666,1.8666666666666665,0.13265306122448978,1.9285714285714282,0.8125
74,"frozenset({'Mr. Robot', 'The Blacklist'})",frozenset({'Ozark'}),0.3333333333333333,0.7380952380952381,0.2857142857142857,0.8571428571428571,1.161290322580645,0.03968253968253965,1.8333333333333324,0.20833333333333315
75,"frozenset({'Mr. Robot', 'Ozark'})",frozenset({'The Blacklist'}),0.42857142857142855,0.6428571428571429,0.2857142857142857,0.6666666666666666,1.037037037037037,0.010204081632653017,1.0714285714285712,0.062499999999999736
59,"frozenset({'The Blacklist', 'Family Guy'})",frozenset({'Ozark'}),0.3333333333333333,0.7380952380952381,0.2857142857142857,0.8571428571428571,1.161290322580645,0.03968253968253965,1.8333333333333324,0.20833333333333315
73,frozenset({'Ozark'}),frozenset({'Demon Slayer'}),0.7380952380952381,0.47619047619047616,0.2857142857142857,0.3870967741935483,0.8129032258064515,-0.06575963718820865,0.8546365914786966,-0.4677419354838712
64,frozenset({'Deception'}),frozenset({'The Mentalist'}),0.47619047619047616,0.42857142857142855,0.2857142857142857,0.6,1.4000000000000001,0.0816326530612245,1.4285714285714284,0.5454545454545455
72,frozenset({'Demon Slayer'}),frozenset({'Ozark'}),0.47619047619047616,0.7380952380952381,0.2857142857142857,0.6,0.8129032258064516,-0.06575963718820865,0.6547619047619047,-0.305263157894737
56,frozenset({'Atypical'}),frozenset({'Stranger Things'}),0.5714285714285714,0.38095238095238093,0.2857142857142857,0.5,1.3125,0.06802721088435376,1.2380952380952381,0.5555555555555557
57,frozenset({'Stranger Things'}),frozenset({'Atypical'}),0.38095238095238093,0.5714285714285714,0.2857142857142857,0.75,1.3125,0.06802721088435376,1.7142857142857144,0.38461538461538475
60,"frozenset({'Ozark', 'Family Guy'})",frozenset({'The Blacklist'}),0.38095238095238093,0.6428571428571429,0.2857142857142857,0.75,1.1666666666666665,0.040816326530612235,1.4285714285714284,0.2307692307692307
61,frozenset({'The Blacklist'}),"frozenset({'Ozark', 'Family Guy'})",0.6428571428571429,0.38095238095238093,0.2857142857142857,0.44444444444444436,1.1666666666666665,0.040816326530612235,1.1142857142857143,0.4
62,frozenset({'Ozark'}),"frozenset({'The Blacklist', 'Family Guy'})",0.7380952380952381,0.3333333333333333,0.2857142857142857,0.3870967741935483,1.161290322580645,0.03968253968253965,1.0877192982456139,0.53030303030303
63,frozenset({'Family Guy'}),"frozenset({'The Blacklist', 'Ozark'})",0.4523809523809524,0.5,0.2857142857142857,0.631578947368421,1.263157894736842,0.05952380952380951,1.357142857142857,0.3804347826086955
58,"frozenset({'The Blacklist', 'Ozark'})",frozenset({'Family Guy'}),0.5,0.4523809523809524,0.2857142857142857,0.5714285714285714,1.263157894736842,0.05952380952380951,1.277777777777778,0.4166666666666666
65,frozenset({'The Mentalist'}),frozenset({'Deception'}),0.42857142857142855,0.47619047619047616,0.2857142857142857,0.6666666666666666,1.4,0.0816326530612245,1.5714285714285714,0.5000000000000001
67,frozenset({'Deception'}),frozenset({'The Blacklist'}),0.47619047619047616,0.6428571428571429,0.2857142857142857,0.6,0.9333333333333332,-0.020408163265306145,0.8928571428571427,-0.12000000000000012
68,frozenset({'Family Guy'}),frozenset({'Deception'}),0.4523809523809524,0.47619047619047616,0.2857142857142857,0.631578947368421,1.3263157894736841,0.07029478458049887,1.4217687074829932,0.4492753623188406
69,frozenset({'Deception'}),frozenset({'Family Guy'}),0.47619047619047616,0.4523809523809524,0.2857142857142857,0.6,1.3263157894736841,0.07029478458049887,1.369047619047619,0.4696969696969697
70,frozenset({'Daredevil'}),frozenset({'Demon Slayer'}),0.38095238095238093,0.47619047619047616,0.2857142857142857,0.75,1.5750000000000002,0.10430839002267575,2.0952380952380953,0.5897435897435899
66,frozenset({'The Blacklist'}),frozenset({'Deception'}),0.6428571428571429,0.47619047619047616,0.2857142857142857,0.44444444444444436,0.9333333333333332,-0.020408163265306145,0.9428571428571428,-0.16666666666666685
71,frozenset({'Demon Slayer'}),frozenset({'Daredevil'}),0.47619047619047616,0.38095238095238093,0.2857142857142857,0.6,1.575,0.10430839002267575,1.5476190476190477,0.696969696969697
126,"frozenset({'The Blacklist', 'Family Guy', 'Ozark'})",frozenset({'Atypical'}),0.2857142857142857,0.5714285714285714,0.2619047619047619,0.9166666666666667,1.604166666666667,0.09863945578231295,5.142857142857148,0.5272727272727273
131,"frozenset({'Atypical', 'Family Guy'})","frozenset({'The Blacklist', 'Ozark'})",0.38095238095238093,0.5,0.2619047619047619,0.6875000000000001,1.3750000000000002,0.07142857142857145,1.6000000000000005,0.44055944055944063
130,"frozenset({'The Blacklist', 'Ozark'})","frozenset({'Atypical', 'Family Guy'})",0.5,0.38095238095238093,0.2619047619047619,0.5238095238095238,1.3750000000000002,0.07142857142857145,1.3,0.5454545454545456
129,"frozenset({'The Blacklist', 'Family Guy'})","frozenset({'Atypical', 'Ozark'})",0.3333333333333333,0.4523809523809524,0.2619047619047619,0.7857142857142858,1.7368421052631582,0.11111111111111113,2.555555555555557,0.6363636363636365
128,"frozenset({'The Blacklist', 'Atypical'})","frozenset({'Family Guy', 'Ozark'})",0.42857142857142855,0.38095238095238093,0.2619047619047619,0.6111111111111112,1.604166666666667,0.09863945578231295,1.5918367346938778,0.6590909090909093
127,"frozenset({'Atypical', 'Family Guy', 'Ozark'})",frozenset({'The Blacklist'}),0.30952380952380953,0.6428571428571429,0.2619047619047619,0.8461538461538461,1.3162393162393162,0.0629251700680272,2.321428571428571,0.34796238244514094
124,"frozenset({'The Blacklist', 'Atypical', 'Family Guy'})",frozenset({'Ozark'}),0.30952380952380953,0.7380952380952381,0.2619047619047619,0.8461538461538461,1.1464019851116625,0.03344671201814059,1.702380952380952,0.18495297805642633
125,"frozenset({'The Blacklist', 'Atypical', 'Ozark'})",frozenset({'Family Guy'}),0.3333333333333333,0.4523809523809524,0.2619047619047619,0.7857142857142858,1.7368421052631582,0.11111111111111113,2.555555555555557,0.6363636363636365
123,frozenset({'Stranger Things'}),frozenset({'The Blacklist'}),0.38095238095238093,0.6428571428571429,0.2619047619047619,0.6875000000000001,1.0694444444444446,0.017006802721088454,1.142857142857143,0.10489510489510499
122,frozenset({'The Blacklist'}),frozenset({'Stranger Things'}),0.6428571428571429,0.38095238095238093,0.2619047619047619,0.4074074074074074,1.0694444444444444,0.017006802721088454,1.0446428571428572,0.18181818181818205
133,"frozenset({'Family Guy', 'Ozark'})","frozenset({'The Blacklist', 'Atypical'})",0.38095238095238093,0.42857142857142855,0.2619047619047619,0.6875000000000001,1.604166666666667,0.09863945578231295,1.8285714285714292,0.6083916083916084
121,frozenset({'The Walking Dead'}),"frozenset({'The Blacklist', 'Ozark'})",0.47619047619047616,0.5,0.2619047619047619,0.55,1.1,0.023809523809523836,1.1111111111111112,0.17355371900826466
132,"frozenset({'Atypical', 'Ozark'})","frozenset({'The Blacklist', 'Family Guy'})",0.4523809523809524,0.3333333333333333,0.2619047619047619,0.5789473684210527,1.736842105263158,0.11111111111111113,1.5833333333333337,0.7747035573122529
141,frozenset({'Berlin Station'}),frozenset({'Family Guy'}),0.4523809523809524,0.4523809523809524,0.2619047619047619,0.5789473684210527,1.2797783933518005,0.0572562358276644,1.3005952380952384,0.3992094861660078
134,frozenset({'The Blacklist'}),"frozenset({'Atypical', 'Family Guy', 'Ozark'})",0.6428571428571429,0.30952380952380953,0.2619047619047619,0.4074074074074074,1.3162393162393162,0.0629251700680272,1.1651785714285714,0.6727272727272726
135,frozenset({'Atypical'}),"frozenset({'The Blacklist', 'Family Guy', 'Ozark'})",0.5714285714285714,0.2857142857142857,0.2619047619047619,0.45833333333333337,1.604166666666667,0.09863945578231295,1.3186813186813189,0.8787878787878789
136,frozenset({'Family Guy'}),"frozenset({'The Blacklist', 'Atypical', 'Ozark'})",0.4523809523809524,0.3333333333333333,0.2619047619047619,0.5789473684210527,1.736842105263158,0.11111111111111113,1.5833333333333337,0.7747035573122529
137,frozenset({'Ozark'}),"frozenset({'The Blacklist', 'Atypical', 'Family Guy'})",0.7380952380952381,0.30952380952380953,0.2619047619047619,0.3548387096774194,1.1464019851116625,0.03344671201814059,1.0702380952380952,0.48760330578512406
138,frozenset({'Mr. Robot'}),frozenset({'Berlin Station'}),0.5,0.4523809523809524,0.2619047619047619,0.5238095238095238,1.1578947368421053,0.035714285714285726,1.1500000000000001,0.2727272727272728
139,frozenset({'Berlin Station'}),frozenset({'Mr. Robot'}),0.4523809523809524,0.5,0.2619047619047619,0.5789473684210527,1.1578947368421053,0.035714285714285726,1.1875,0.24901185770750991
140,frozenset({'Family Guy'}),frozenset({'Berlin Station'}),0.4523809523809524,0.4523809523809524,0.2619047619047619,0.5789473684210527,1.2797783933518005,0.0572562358276644,1.3005952380952384,0.3992094861660078
142,frozenset({'Demon Slayer'}),frozenset({'Atypical'}),0.47619047619047616,0.5714285714285714,0.2619047619047619,0.55,0.9625000000000001,-0.010204081632653017,0.9523809523809526,-0.06923076923076894
143,frozenset({'Atypical'}),frozenset({'Demon Slayer'}),0.5714285714285714,0.47619047619047616,0.2619047619047619,0.45833333333333337,0.9625000000000001,-0.010204081632653017,0.9670329670329672,-0.083333333333333
144,frozenset({'Daredevil'}),frozenset({'Berlin Station'}),0.38095238095238093,0.4523809523809524,0.2619047619047619,0.6875000000000001,1.5197368421052635,0.08956916099773246,1.7523809523809533,0.5524475524475526
145,frozenset({'Berlin Station'}),frozenset({'Daredevil'}),0.4523809523809524,0.38095238095238093,0.2619047619047619,0.5789473684210527,1.5197368421052633,0.08956916099773246,1.4702380952380953,0.624505928853755
119,frozenset({'The Blacklist'}),"frozenset({'Ozark', 'The Walking Dead'})",0.6428571428571429,0.38095238095238093,0.2619047619047619,0.4074074074074074,1.0694444444444444,0.017006802721088454,1.0446428571428572,0.18181818181818205
120,frozenset({'Ozark'}),"frozenset({'The Blacklist', 'The Walking Dead'})",0.7380952380952381,0.30952380952380953,0.2619047619047619,0.3548387096774194,1.1464019851116625,0.03344671201814059,1.0702380952380952,0.48760330578512406
103,frozenset({'Ozark'}),frozenset({'Queen of the South'}),0.7380952380952381,0.35714285714285715,0.2619047619047619,0.3548387096774194,0.9935483870967742,-0.0017006802721088454,0.9964285714285713,-0.0241935483870968
118,"frozenset({'Ozark', 'The Walking Dead'})",frozenset({'The Blacklist'}),0.38095238095238093,0.6428571428571429,0.2619047619047619,0.6875000000000001,1.0694444444444446,0.017006802721088454,1.142857142857143,0.10489510489510499
104,frozenset({'Ozark'}),frozenset({'The Wire'}),0.7380952380952381,0.35714285714285715,0.2619047619047619,0.3548387096774194,0.9935483870967742,-0.0017006802721088454,0.9964285714285713,-0.0241935483870968
117,"frozenset({'The Blacklist', 'The Walking Dead'})",frozenset({'Ozark'}),0.30952380952380953,0.7380952380952381,0.2619047619047619,0.8461538461538461,1.1464019851116625,0.03344671201814059,1.702380952380952,0.18495297805642633
92,frozenset({'Mr. Robot'}),frozenset({'Family Guy'}),0.5,0.4523809523809524,0.2619047619047619,0.5238095238095238,1.1578947368421053,0.035714285714285726,1.1500000000000001,0.2727272727272728
93,frozenset({'Family Guy'}),frozenset({'Mr. Robot'}),0.4523809523809524,0.5,0.2619047619047619,0.5789473684210527,1.1578947368421053,0.035714285714285726,1.1875,0.24901185770750991
94,"frozenset({'The Blacklist', 'Ozark'})",frozenset({'Shadow and Bone'}),0.5,0.47619047619047616,0.2619047619047619,0.5238095238095238,1.1,0.023809523809523836,1.1,0.18181818181818202
95,"frozenset({'The Blacklist', 'Shadow and Bone'})",frozenset({'Ozark'}),0.3333333333333333,0.7380952380952381,0.2619047619047619,0.7857142857142858,1.0645161290322582,0.015873015873015872,1.2222222222222225,0.0909090909090909
96,"frozenset({'Ozark', 'Shadow and Bone'})",frozenset({'The Blacklist'}),0.3333333333333333,0.6428571428571429,0.2619047619047619,0.7857142857142858,1.2222222222222223,0.047619047619047616,1.6666666666666672,0.2727272727272727
97,frozenset({'The Blacklist'}),"frozenset({'Ozark', 'Shadow and Bone'})",0.6428571428571429,0.3333333333333333,0.2619047619047619,0.4074074074074074,1.2222222222222223,0.047619047619047616,1.1250000000000002,0.5090909090909091
98,frozenset({'Ozark'}),"frozenset({'The Blacklist', 'Shadow and Bone'})",0.7380952380952381,0.3333333333333333,0.2619047619047619,0.3548387096774194,1.0645161290322582,0.015873015873015872,1.0333333333333334,0.23140495867768598
100,frozenset({'Ozark'}),frozenset({'Stranger Things'}),0.7380952380952381,0.38095238095238093,0.2619047619047619,0.3548387096774194,0.9314516129032259,-0.019274376417233563,0.9595238095238096,-0.2193548387096775
101,frozenset({'Stranger Things'}),frozenset({'Ozark'}),0.38095238095238093,0.7380952380952381,0.2619047619047619,0.6875000000000001,0.9314516129032259,-0.019274376417233563,0.8380952380952382,-0.10625000000000001
102,frozenset({'Queen of the South'}),frozenset({'Ozark'}),0.35714285714285715,0.7380952380952381,0.2619047619047619,0.7333333333333334,0.9935483870967742,-0.0017006802721088454,0.9821428571428572,-0.01000000000000001
99,frozenset({'Shadow and Bone'}),"frozenset({'The Blacklist', 'Ozark'})",0.47619047619047616,0.5,0.2619047619047619,0.55,1.1,0.023809523809523836,1.1111111111111112,0.17355371900826466
105,frozenset({'The Wire'}),frozenset({'Ozark'}),0.35714285714285715,0.7380952380952381,0.2619047619047619,0.7333333333333334,0.9935483870967742,-0.0017006802721088454,0.9821428571428572,-0.01000000000000001
110,frozenset({'Atypical'}),"frozenset({'Mr. Robot', 'Ozark'})",0.5714285714285714,0.42857142857142855,0.2619047619047619,0.45833333333333337,1.0694444444444446,0.017006802721088482,1.054945054945055,0.1515151515151519
116,"frozenset({'The Blacklist', 'Ozark'})",frozenset({'The Walking Dead'}),0.5,0.47619047619047616,0.2619047619047619,0.5238095238095238,1.1,0.023809523809523836,1.1,0.18181818181818202
114,frozenset({'Daredevil'}),frozenset({'Ozark'}),0.38095238095238093,0.7380952380952381,0.2619047619047619,0.6875000000000001,0.9314516129032259,-0.019274376417233563,0.8380952380952382,-0.10625000000000001
113,frozenset({'Two and a half men'}),frozenset({'Ozark'}),0.3333333333333333,0.7380952380952381,0.2619047619047619,0.7857142857142858,1.0645161290322582,0.015873015873015872,1.2222222222222225,0.0909090909090909
112,frozenset({'Ozark'}),frozenset({'Two and a half men'}),0.7380952380952381,0.3333333333333333,0.2619047619047619,0.3548387096774194,1.0645161290322582,0.015873015873015872,1.0333333333333334,0.23140495867768598
111,frozenset({'Ozark'}),"frozenset({'Mr. Robot', 'Atypical'})",0.7380952380952381,0.30952380952380953,0.2619047619047619,0.3548387096774194,1.1464019851116625,0.03344671201814059,1.0702380952380952,0.48760330578512406
109,frozenset({'Mr. Robot'}),"frozenset({'Atypical', 'Ozark'})",0.5,0.4523809523809524,0.2619047619047619,0.5238095238095238,1.1578947368421053,0.035714285714285726,1.1500000000000001,0.2727272727272728
108,"frozenset({'Atypical', 'Ozark'})",frozenset({'Mr. Robot'}),0.4523809523809524,0.5,0.2619047619047619,0.5789473684210527,1.1578947368421053,0.035714285714285726,1.1875,0.24901185770750991
107,"frozenset({'Mr. Robot', 'Ozark'})",frozenset({'Atypical'}),0.42857142857142855,0.5714285714285714,0.2619047619047619,0.6111111111111112,1.0694444444444446,0.017006802721088482,1.1020408163265307,0.11363636363636395
106,"frozenset({'Mr. Robot', 'Atypical'})",frozenset({'Ozark'}),0.30952380952380953,0.7380952380952381,0.2619047619047619,0.8461538461538461,1.1464019851116625,0.03344671201814059,1.702380952380952,0.18495297805642633
115,frozenset({'Ozark'}),frozenset({'Daredevil'}),0.7380952380952381,0.38095238095238093,0.2619047619047619,0.3548387096774194,0.9314516129032259,-0.019274376417233563,0.9595238095238096,-0.2193548387096775
230,frozenset({'Family Guy'}),"frozenset({'Atypical', 'Deception'})",0.4523809523809524,0.3333333333333333,0.23809523809523808,0.5263157894736842,1.5789473684210527,0.0873015873015873,1.4074074074074074,0.6695652173913044
226,"frozenset({'Atypical', 'Family Guy'})",frozenset({'Deception'}),0.38095238095238093,0.47619047619047616,0.23809523809523808,0.625,1.3125,0.056689342403628135,1.396825396825397,0.38461538461538475
227,"frozenset({'Atypical', 'Deception'})",frozenset({'Family Guy'}),0.3333333333333333,0.4523809523809524,0.23809523809523808,0.7142857142857143,1.5789473684210527,0.0873015873015873,1.916666666666667,0.5499999999999999
228,"frozenset({'Family Guy', 'Deception'})",frozenset({'Atypical'}),0.2857142857142857,0.5714285714285714,0.23809523809523808,0.8333333333333334,1.4583333333333335,0.07482993197278912,2.571428571428572,0.44
229,frozenset({'Atypical'}),"frozenset({'Family Guy', 'Deception'})",0.5714285714285714,0.2857142857142857,0.23809523809523808,0.4166666666666667,1.4583333333333335,0.07482993197278912,1.2244897959183676,0.7333333333333333
236,frozenset({'Atypical'}),"frozenset({'The Blacklist', 'Berlin Station'})",0.5714285714285714,0.2857142857142857,0.23809523809523808,0.4166666666666667,1.4583333333333335,0.07482993197278912,1.2244897959183676,0.7333333333333333
231,frozenset({'Deception'}),"frozenset({'Atypical', 'Family Guy'})",0.47619047619047616,0.38095238095238093,0.23809523809523808,0.5,1.3125,0.056689342403628135,1.2380952380952381,0.4545454545454547
233,"frozenset({'The Blacklist', 'Berlin Station'})",frozenset({'Atypical'}),0.2857142857142857,0.5714285714285714,0.23809523809523808,0.8333333333333334,1.4583333333333335,0.07482993197278912,2.571428571428572,0.44
234,"frozenset({'Atypical', 'Berlin Station'})",frozenset({'The Blacklist'}),0.2857142857142857,0.6428571428571429,0.23809523809523808,0.8333333333333334,1.2962962962962963,0.05442176870748297,2.1428571428571432,0.3199999999999999
235,frozenset({'The Blacklist'}),"frozenset({'Atypical', 'Berlin Station'})",0.6428571428571429,0.2857142857142857,0.23809523809523808,0.37037037037037035,1.2962962962962963,0.05442176870748297,1.134453781512605,0.6399999999999999
237,frozenset({'Berlin Station'}),"frozenset({'The Blacklist', 'Atypical'})",0.4523809523809524,0.42857142857142855,0.23809523809523808,0.5263157894736842,1.2280701754385965,0.044217687074829926,1.2063492063492063,0.3391304347826087
224,frozenset({'Berlin Station'}),frozenset({'Shadow and Bone'}),0.4523809523809524,0.47619047619047616,0.23809523809523808,0.5263157894736842,1.105263157894737,0.022675736961451254,1.1058201058201058,0.17391304347826092
225,frozenset({'Shadow and Bone'}),frozenset({'Berlin Station'}),0.47619047619047616,0.4523809523809524,0.23809523809523808,0.5,1.1052631578947367,0.022675736961451254,1.0952380952380953,0.18181818181818188
212,"frozenset({'Atypical', 'Family Guy'})",frozenset({'Berlin Station'}),0.38095238095238093,0.4523809523809524,0.23809523809523808,0.625,1.381578947368421,0.06575963718820863,1.4603174603174605,0.44615384615384623
223,frozenset({'Deception'}),"frozenset({'Atypical', 'Ozark'})",0.47619047619047616,0.4523809523809524,0.23809523809523808,0.5,1.1052631578947367,0.022675736961451254,1.0952380952380953,0.18181818181818188
222,frozenset({'Ozark'}),"frozenset({'Atypical', 'Deception'})",0.7380952380952381,0.3333333333333333,0.23809523809523808,0.3225806451612903,0.967741935483871,-0.007936507936507964,0.9841269841269842,-0.112903225806452
221,frozenset({'Atypical'}),"frozenset({'Ozark', 'Deception'})",0.5714285714285714,0.35714285714285715,0.23809523809523808,0.4166666666666667,1.1666666666666667,0.03401360544217685,1.1020408163265307,0.33333333333333315
220,"frozenset({'Ozark', 'Deception'})",frozenset({'Atypical'}),0.35714285714285715,0.5714285714285714,0.23809523809523808,0.6666666666666666,1.1666666666666667,0.03401360544217685,1.2857142857142856,0.22222222222222215
219,"frozenset({'Atypical', 'Deception'})",frozenset({'Ozark'}),0.3333333333333333,0.7380952380952381,0.23809523809523808,0.7142857142857143,0.9677419354838709,-0.007936507936507964,0.9166666666666665,-0.04761904761904778
218,"frozenset({'Atypical', 'Ozark'})",frozenset({'Deception'}),0.4523809523809524,0.47619047619047616,0.23809523809523808,0.5263157894736842,1.105263157894737,0.022675736961451254,1.1058201058201058,0.17391304347826092
217,frozenset({'Berlin Station'}),"frozenset({'Atypical', 'Family Guy'})",0.4523809523809524,0.38095238095238093,0.23809523809523808,0.5263157894736842,1.381578947368421,0.06575963718820863,1.3068783068783068,0.5043478260869566
216,frozenset({'Family Guy'}),"frozenset({'Atypical', 'Berlin Station'})",0.4523809523809524,0.2857142857142857,0.23809523809523808,0.5263157894736842,1.8421052631578947,0.10884353741496597,1.507936507936508,0.834782608695652
215,frozenset({'Atypical'}),"frozenset({'Family Guy', 'Berlin Station'})",0.5714285714285714,0.2619047619047619,0.23809523809523808,0.4166666666666667,1.5909090909090908,0.08843537414965985,1.2653061224489799,0.8666666666666665
214,"frozenset({'Family Guy', 'Berlin Station'})",frozenset({'Atypical'}),0.2619047619047619,0.5714285714285714,0.23809523809523808,0.909090909090909,1.5909090909090908,0.08843537414965985,4.714285714285707,0.5032258064516129
213,"frozenset({'Atypical', 'Berlin Station'})",frozenset({'Family Guy'}),0.2857142857142857,0.4523809523809524,0.23809523809523808,0.8333333333333334,1.842105263157895,0.10884353741496597,3.285714285714287,0.6399999999999999
239,frozenset({'Daredevil'}),frozenset({'The Blacklist'}),0.38095238095238093,0.6428571428571429,0.23809523809523808,0.625,0.9722222222222221,-0.006802721088435382,0.9523809523809522,-0.044117647058823574
211,frozenset({'Deception'}),"frozenset({'Ozark', 'Family Guy'})",0.47619047619047616,0.38095238095238093,0.23809523809523808,0.5,1.3125,0.056689342403628135,1.2380952380952381,0.4545454545454547
210,frozenset({'Family Guy'}),"frozenset({'Ozark', 'Deception'})",0.4523809523809524,0.35714285714285715,0.23809523809523808,0.5263157894736842,1.4736842105263157,0.07653061224489793,1.357142857142857,0.5869565217391303
238,frozenset({'The Blacklist'}),frozenset({'Daredevil'}),0.6428571428571429,0.38095238095238093,0.23809523809523808,0.37037037037037035,0.9722222222222222,-0.006802721088435382,0.9831932773109243,-0.07407407407407415
252,frozenset({'Atypical'}),"frozenset({'The Blacklist', '12 Monkeys'})",0.5714285714285714,0.2857142857142857,0.23809523809523808,0.4166666666666667,1.4583333333333335,0.07482993197278912,1.2244897959183676,0.7333333333333333
240,frozenset({'Berlin Station'}),frozenset({'Dr. House'}),0.4523809523809524,0.30952380952380953,0.23809523809523808,0.5263157894736842,1.700404858299595,0.09807256235827663,1.4576719576719575,0.7521739130434781
257,"frozenset({'Mr. Robot', 'Family Guy'})",frozenset({'Ozark'}),0.2619047619047619,0.7380952380952381,0.23809523809523808,0.909090909090909,1.2316715542521992,0.04478458049886619,2.880952380952376,0.25483870967741923
208,"frozenset({'Family Guy', 'Deception'})",frozenset({'Ozark'}),0.2857142857142857,0.7380952380952381,0.23809523809523808,0.8333333333333334,1.129032258064516,0.02721088435374147,1.5714285714285716,0.15999999999999986
269,frozenset({'Family Guy'}),frozenset({'12 Monkeys'}),0.4523809523809524,0.35714285714285715,0.23809523809523808,0.5263157894736842,1.4736842105263157,0.07653061224489793,1.357142857142857,0.5869565217391303
268,frozenset({'12 Monkeys'}),frozenset({'Family Guy'}),0.35714285714285715,0.4523809523809524,0.23809523809523808,0.6666666666666666,1.4736842105263157,0.07653061224489793,1.6428571428571428,0.4999999999999999
267,frozenset({'Dr. House'}),frozenset({'Ozark'}),0.30952380952380953,0.7380952380952381,0.23809523809523808,0.7692307692307692,1.042183622828784,0.009637188208616754,1.1349206349206344,0.05862068965517226
266,frozenset({'Ozark'}),frozenset({'Dr. House'}),0.7380952380952381,0.30952380952380953,0.23809523809523808,0.3225806451612903,1.042183622828784,0.009637188208616754,1.0192743764172334,0.15454545454545415
265,frozenset({'The Wire'}),frozenset({'Atypical'}),0.35714285714285715,0.5714285714285714,0.23809523809523808,0.6666666666666666,1.1666666666666667,0.03401360544217685,1.2857142857142856,0.22222222222222215
264,frozenset({'Atypical'}),frozenset({'The Wire'}),0.5714285714285714,0.35714285714285715,0.23809523809523808,0.4166666666666667,1.1666666666666667,0.03401360544217685,1.1020408163265307,0.33333333333333315
263,frozenset({'Shadow and Bone'}),frozenset({'Demon Slayer'}),0.47619047619047616,0.47619047619047616,0.23809523809523808,0.5,1.05,0.011337868480725627,1.0476190476190477,0.09090909090909094
262,frozenset({'Demon Slayer'}),frozenset({'Shadow and Bone'}),0.47619047619047616,0.47619047619047616,0.23809523809523808,0.5,1.05,0.011337868480725627,1.0476190476190477,0.09090909090909094
261,frozenset({'Family Guy'}),"frozenset({'Mr. Robot', 'Ozark'})",0.4523809523809524,0.42857142857142855,0.23809523809523808,0.5263157894736842,1.2280701754385965,0.044217687074829926,1.2063492063492063,0.3391304347826087
260,frozenset({'Ozark'}),"frozenset({'Mr. Robot', 'Family Guy'})",0.7380952380952381,0.2619047619047619,0.23809523809523808,0.3225806451612903,1.2316715542521992,0.04478458049886619,1.0895691609977325,0.718181818181818
259,frozenset({'Mr. Robot'}),"frozenset({'Ozark', 'Family Guy'})",0.5,0.38095238095238093,0.23809523809523808,0.47619047619047616,1.25,0.047619047619047616,1.1818181818181819,0.4
258,"frozenset({'Ozark', 'Family Guy'})",frozenset({'Mr. Robot'}),0.38095238095238093,0.5,0.23809523809523808,0.625,1.25,0.047619047619047616,1.3333333333333333,0.3230769230769231
256,"frozenset({'Mr. Robot', 'Ozark'})",frozenset({'Family Guy'}),0.42857142857142855,0.4523809523809524,0.23809523809523808,0.5555555555555556,1.2280701754385965,0.044217687074829926,1.2321428571428574,0.325
241,frozenset({'Dr. House'}),frozenset({'Berlin Station'}),0.30952380952380953,0.4523809523809524,0.23809523809523808,0.7692307692307692,1.700404858299595,0.09807256235827663,2.3730158730158726,0.596551724137931
255,frozenset({'The Blacklist'}),frozenset({'Banshee'}),0.6428571428571429,0.2857142857142857,0.23809523809523808,0.37037037037037035,1.2962962962962963,0.05442176870748297,1.134453781512605,0.6399999999999999
254,frozenset({'Banshee'}),frozenset({'The Blacklist'}),0.2857142857142857,0.6428571428571429,0.23809523809523808,0.8333333333333334,1.2962962962962963,0.05442176870748297,2.1428571428571432,0.3199999999999999
253,frozenset({'12 Monkeys'}),"frozenset({'The Blacklist', 'Atypical'})",0.35714285714285715,0.42857142857142855,0.23809523809523808,0.6666666666666666,1.5555555555555556,0.08503401360544216,1.714285714285714,0.5555555555555556
251,frozenset({'The Blacklist'}),"frozenset({'Atypical', '12 Monkeys'})",0.6428571428571429,0.2857142857142857,0.23809523809523808,0.37037037037037035,1.2962962962962963,0.05442176870748297,1.134453781512605,0.6399999999999999
250,"frozenset({'Atypical', '12 Monkeys'})",frozenset({'The Blacklist'}),0.2857142857142857,0.6428571428571429,0.23809523809523808,0.8333333333333334,1.2962962962962963,0.05442176870748297,2.1428571428571432,0.3199999999999999
249,"frozenset({'The Blacklist', '12 Monkeys'})",frozenset({'Atypical'}),0.2857142857142857,0.5714285714285714,0.23809523809523808,0.8333333333333334,1.4583333333333335,0.07482993197278912,2.571428571428572,0.44
248,"frozenset({'The Blacklist', 'Atypical'})",frozenset({'12 Monkeys'}),0.42857142857142855,0.35714285714285715,0.23809523809523808,0.5555555555555556,1.5555555555555556,0.08503401360544216,1.4464285714285714,0.625
247,frozenset({'Berlin Station'}),"frozenset({'Atypical', 'Ozark'})",0.4523809523809524,0.4523809523809524,0.23809523809523808,0.5263157894736842,1.1634349030470914,0.03344671201814056,1.156084656084656,0.2565217391304346
246,frozenset({'Ozark'}),"frozenset({'Atypical', 'Berlin Station'})",0.7380952380952381,0.2857142857142857,0.23809523809523808,0.3225806451612903,1.1290322580645162,0.02721088435374147,1.0544217687074828,0.43636363636363606
245,frozenset({'Atypical'}),"frozenset({'Ozark', 'Berlin Station'})",0.5714285714285714,0.35714285714285715,0.23809523809523808,0.4166666666666667,1.1666666666666667,0.03401360544217685,1.1020408163265307,0.33333333333333315
244,"frozenset({'Ozark', 'Berlin Station'})",frozenset({'Atypical'}),0.35714285714285715,0.5714285714285714,0.23809523809523808,0.6666666666666666,1.1666666666666667,0.03401360544217685,1.2857142857142856,0.22222222222222215
243,"frozenset({'Atypical', 'Berlin Station'})",frozenset({'Ozark'}),0.2857142857142857,0.7380952380952381,0.23809523809523808,0.8333333333333334,1.129032258064516,0.02721088435374147,1.5714285714285716,0.15999999999999986
242,"frozenset({'Atypical', 'Ozark'})",frozenset({'Berlin Station'}),0.4523809523809524,0.4523809523809524,0.23809523809523808,0.5263157894736842,1.1634349030470914,0.03344671201814056,1.156084656084656,0.2565217391304346
209,frozenset({'Ozark'}),"frozenset({'Family Guy', 'Deception'})",0.7380952380952381,0.2857142857142857,0.23809523809523808,0.3225806451612903,1.1290322580645162,0.02721088435374147,1.0544217687074828,0.43636363636363606
232,"frozenset({'The Blacklist', 'Atypical'})",frozenset({'Berlin Station'}),0.42857142857142855,0.4523809523809524,0.23809523809523808,0.5555555555555556,1.2280701754385965,0.044217687074829926,1.2321428571428574,0.325
207,"frozenset({'Ozark', 'Deception'})",frozenset({'Family Guy'}),0.35714285714285715,0.4523809523809524,0.23809523809523808,0.6666666666666666,1.4736842105263157,0.07653061224489793,1.6428571428571428,0.4999999999999999
160,frozenset({'Ozark'}),"frozenset({'The Blacklist', 'Berlin Station'})",0.7380952380952381,0.2857142857142857,0.23809523809523808,0.3225806451612903,1.1290322580645162,0.02721088435374147,1.0544217687074828,0.43636363636363606
173,frozenset({'Shadow and Bone'}),frozenset({'The Walking Dead'}),0.47619047619047616,0.47619047619047616,0.23809523809523808,0.5,1.05,0.011337868480725627,1.0476190476190477,0.09090909090909094
172,frozenset({'The Walking Dead'}),frozenset({'Shadow and Bone'}),0.47619047619047616,0.47619047619047616,0.23809523809523808,0.5,1.05,0.011337868480725627,1.0476190476190477,0.09090909090909094
171,frozenset({'Berlin Station'}),"frozenset({'Ozark', 'Family Guy'})",0.4523809523809524,0.38095238095238093,0.23809523809523808,0.5263157894736842,1.381578947368421,0.06575963718820863,1.3068783068783068,0.5043478260869566
170,frozenset({'Family Guy'}),"frozenset({'Ozark', 'Berlin Station'})",0.4523809523809524,0.35714285714285715,0.23809523809523808,0.5263157894736842,1.4736842105263157,0.07653061224489793,1.357142857142857,0.5869565217391303
169,frozenset({'Ozark'}),"frozenset({'Family Guy', 'Berlin Station'})",0.7380952380952381,0.2619047619047619,0.23809523809523808,0.3225806451612903,1.2316715542521992,0.04478458049886619,1.0895691609977325,0.718181818181818
168,"frozenset({'Family Guy', 'Berlin Station'})",frozenset({'Ozark'}),0.2619047619047619,0.7380952380952381,0.23809523809523808,0.909090909090909,1.2316715542521992,0.04478458049886619,2.880952380952376,0.25483870967741923
167,"frozenset({'Ozark', 'Berlin Station'})",frozenset({'Family Guy'}),0.35714285714285715,0.4523809523809524,0.23809523809523808,0.6666666666666666,1.4736842105263157,0.07653061224489793,1.6428571428571428,0.4999999999999999
166,"frozenset({'Ozark', 'Family Guy'})",frozenset({'Berlin Station'}),0.38095238095238093,0.4523809523809524,0.23809523809523808,0.625,1.381578947368421,0.06575963718820863,1.4603174603174605,0.44615384615384623
165,frozenset({'The Mentalist'}),frozenset({'The Blacklist'}),0.42857142857142855,0.6428571428571429,0.23809523809523808,0.5555555555555556,0.8641975308641975,-0.0374149659863946,0.8035714285714285,-0.21568627450980413
164,frozenset({'The Blacklist'}),frozenset({'The Mentalist'}),0.6428571428571429,0.42857142857142855,0.23809523809523808,0.37037037037037035,0.8641975308641975,-0.0374149659863946,0.9075630252100839,-0.3055555555555559
163,frozenset({'Ozark'}),frozenset({'Jack Ryan'}),0.7380952380952381,0.2857142857142857,0.23809523809523808,0.3225806451612903,1.1290322580645162,0.02721088435374147,1.0544217687074828,0.43636363636363606
162,frozenset({'Jack Ryan'}),frozenset({'Ozark'}),0.2857142857142857,0.7380952380952381,0.23809523809523808,0.8333333333333334,1.129032258064516,0.02721088435374147,1.5714285714285716,0.15999999999999986
161,frozenset({'Berlin Station'}),"frozenset({'The Blacklist', 'Ozark'})",0.4523809523809524,0.5,0.23809523809523808,0.5263157894736842,1.0526315789473684,0.01190476190476189,1.0555555555555556,0.09130434782608685
159,frozenset({'The Blacklist'}),"frozenset({'Ozark', 'Berlin Station'})",0.6428571428571429,0.35714285714285715,0.23809523809523808,0.37037037037037035,1.037037037037037,0.008503401360544172,1.0210084033613445,0.09999999999999948
175,"frozenset({'Atypical', 'The Walking Dead'})",frozenset({'Ozark'}),0.23809523809523808,0.7380952380952381,0.23809523809523808,1.0,1.3548387096774193,0.062358276643990906,inf,0.34374999999999994
158,"frozenset({'Ozark', 'Berlin Station'})",frozenset({'The Blacklist'}),0.35714285714285715,0.6428571428571429,0.23809523809523808,0.6666666666666666,1.037037037037037,0.008503401360544172,1.0714285714285712,0.05555555555555526
157,"frozenset({'The Blacklist', 'Berlin Station'})",frozenset({'Ozark'}),0.2857142857142857,0.7380952380952381,0.23809523809523808,0.8333333333333334,1.129032258064516,0.02721088435374147,1.5714285714285716,0.15999999999999986
156,"frozenset({'The Blacklist', 'Ozark'})",frozenset({'Berlin Station'}),0.5,0.4523809523809524,0.23809523809523808,0.47619047619047616,1.0526315789473684,0.01190476190476189,1.0454545454545454,0.09999999999999988
155,frozenset({'Hanna'}),frozenset({'Ozark'}),0.38095238095238093,0.7380952380952381,0.23809523809523808,0.625,0.846774193548387,-0.0430839002267574,0.6984126984126983,-0.22619047619047636
154,frozenset({'Ozark'}),frozenset({'Hanna'}),0.7380952380952381,0.38095238095238093,0.23809523809523808,0.3225806451612903,0.8467741935483871,-0.0430839002267574,0.9138321995464852,-0.40860215053763466
152,frozenset({'Atypical'}),frozenset({'Jack Ryan'}),0.5714285714285714,0.2857142857142857,0.23809523809523808,0.4166666666666667,1.4583333333333335,0.07482993197278912,1.2244897959183676,0.7333333333333333
151,frozenset({'Deception'}),"frozenset({'The Blacklist', 'Atypical'})",0.47619047619047616,0.42857142857142855,0.23809523809523808,0.5,1.1666666666666667,0.03401360544217688,1.1428571428571428,0.2727272727272728
150,frozenset({'Atypical'}),"frozenset({'The Blacklist', 'Deception'})",0.5714285714285714,0.2857142857142857,0.23809523809523808,0.4166666666666667,1.4583333333333335,0.07482993197278912,1.2244897959183676,0.7333333333333333
149,frozenset({'The Blacklist'}),"frozenset({'Atypical', 'Deception'})",0.6428571428571429,0.3333333333333333,0.23809523809523808,0.37037037037037035,1.1111111111111112,0.02380952380952378,1.0588235294117647,0.2799999999999997
148,"frozenset({'Atypical', 'Deception'})",frozenset({'The Blacklist'}),0.3333333333333333,0.6428571428571429,0.23809523809523808,0.7142857142857143,1.1111111111111112,0.02380952380952378,1.25,0.1499999999999998
147,"frozenset({'The Blacklist', 'Deception'})",frozenset({'Atypical'}),0.2857142857142857,0.5714285714285714,0.23809523809523808,0.8333333333333334,1.4583333333333335,0.07482993197278912,2.571428571428572,0.44
146,"frozenset({'The Blacklist', 'Atypical'})",frozenset({'Deception'}),0.42857142857142855,0.47619047619047616,0.23809523809523808,0.5555555555555556,1.1666666666666667,0.03401360544217688,1.1785714285714286,0.2500000000000001
206,"frozenset({'Ozark', 'Family Guy'})",frozenset({'Deception'}),0.38095238095238093,0.47619047619047616,0.23809523809523808,0.625,1.3125,0.056689342403628135,1.396825396825397,0.38461538461538475
174,"frozenset({'Atypical', 'Ozark'})",frozenset({'The Walking Dead'}),0.4523809523809524,0.47619047619047616,0.23809523809523808,0.5263157894736842,1.105263157894737,0.022675736961451254,1.1058201058201058,0.17391304347826092
153,frozenset({'Jack Ryan'}),frozenset({'Atypical'}),0.2857142857142857,0.5714285714285714,0.23809523809523808,0.8333333333333334,1.4583333333333335,0.07482993197278912,2.571428571428572,0.44
176,"frozenset({'Ozark', 'The Walking Dead'})",frozenset({'Atypical'}),0.38095238095238093,0.5714285714285714,0.23809523809523808,0.625,1.09375,0.020408163265306145,1.142857142857143,0.13846153846153864
192,frozenset({'The Blacklist'}),frozenset({'Queen of the South'}),0.6428571428571429,0.35714285714285715,0.23809523809523808,0.37037037037037035,1.037037037037037,0.008503401360544172,1.0210084033613445,0.09999999999999948
205,frozenset({'The Wire'}),frozenset({'The Blacklist'}),0.35714285714285715,0.6428571428571429,0.23809523809523808,0.6666666666666666,1.037037037037037,0.008503401360544172,1.0714285714285712,0.05555555555555526
177,frozenset({'Atypical'}),"frozenset({'Ozark', 'The Walking Dead'})",0.5714285714285714,0.38095238095238093,0.23809523809523808,0.4166666666666667,1.09375,0.020408163265306145,1.0612244897959184,0.2000000000000002
204,frozenset({'The Blacklist'}),frozenset({'The Wire'}),0.6428571428571429,0.35714285714285715,0.23809523809523808,0.37037037037037035,1.037037037037037,0.008503401360544172,1.0210084033613445,0.09999999999999948
203,frozenset({'Ozark'}),frozenset({'12 Monkeys'}),0.7380952380952381,0.35714285714285715,0.23809523809523808,0.3225806451612903,0.9032258064516129,-0.02551020408163268,0.9489795918367345,-0.29032258064516153
202,frozenset({'12 Monkeys'}),frozenset({'Ozark'}),0.35714285714285715,0.7380952380952381,0.23809523809523808,0.6666666666666666,0.9032258064516128,-0.02551020408163268,0.7857142857142855,-0.14285714285714302
200,frozenset({'Ozark'}),frozenset({'The Stranger'}),0.7380952380952381,0.30952380952380953,0.23809523809523808,0.3225806451612903,1.042183622828784,0.009637188208616754,1.0192743764172334,0.15454545454545415
199,frozenset({'Atypical'}),"frozenset({'Mr. Robot', 'The Blacklist'})",0.5714285714285714,0.3333333333333333,0.23809523809523808,0.4166666666666667,1.2500000000000002,0.047619047619047616,1.1428571428571432,0.4666666666666666
198,frozenset({'The Blacklist'}),"frozenset({'Mr. Robot', 'Atypical'})",0.6428571428571429,0.30952380952380953,0.23809523809523808,0.37037037037037035,1.1965811965811965,0.03911564625850336,1.0966386554621848,0.45999999999999963
197,frozenset({'Mr. Robot'}),"frozenset({'The Blacklist', 'Atypical'})",0.5,0.42857142857142855,0.23809523809523808,0.47619047619047616,1.1111111111111112,0.023809523809523808,1.0909090909090908,0.2
196,"frozenset({'The Blacklist', 'Atypical'})",frozenset({'Mr. Robot'}),0.42857142857142855,0.5,0.23809523809523808,0.5555555555555556,1.1111111111111112,0.023809523809523808,1.125,0.17500000000000002
195,"frozenset({'Mr. Robot', 'Atypical'})",frozenset({'The Blacklist'}),0.30952380952380953,0.6428571428571429,0.23809523809523808,0.7692307692307692,1.1965811965811963,0.03911564625850336,1.547619047619047,0.2379310344827584
194,"frozenset({'Mr. Robot', 'The Blacklist'})",frozenset({'Atypical'}),0.3333333333333333,0.5714285714285714,0.23809523809523808,0.7142857142857143,1.25,0.047619047619047616,1.5000000000000002,0.29999999999999993
193,frozenset({'Queen of the South'}),frozenset({'The Blacklist'}),0.35714285714285715,0.6428571428571429,0.23809523809523808,0.6666666666666666,1.037037037037037,0.008503401360544172,1.0714285714285712,0.05555555555555526
201,frozenset({'The Stranger'}),frozenset({'Ozark'}),0.30952380952380953,0.7380952380952381,0.23809523809523808,0.7692307692307692,1.042183622828784,0.009637188208616754,1.1349206349206344,0.05862068965517226
191,frozenset({'Alice in Borderland'}),frozenset({'The Blacklist'}),0.30952380952380953,0.6428571428571429,0.23809523809523808,0.7692307692307692,1.1965811965811963,0.03911564625850336,1.547619047619047,0.2379310344827584
184,"frozenset({'Ozark', 'The Mentalist'})",frozenset({'Atypical'}),0.30952380952380953,0.5714285714285714,0.23809523809523808,0.7692307692307692,1.346153846153846,0.06122448979591835,1.8571428571428568,0.37241379310344824
179,frozenset({'The Walking Dead'}),"frozenset({'Atypical', 'Ozark'})",0.47619047619047616,0.4523809523809524,0.23809523809523808,0.5,1.1052631578947367,0.022675736961451254,1.0952380952380953,0.18181818181818188
190,frozenset({'The Blacklist'}),frozenset({'Alice in Borderland'}),0.6428571428571429,0.30952380952380953,0.23809523809523808,0.37037037037037035,1.1965811965811965,0.03911564625850336,1.0966386554621848,0.45999999999999963
178,frozenset({'Ozark'}),"frozenset({'Atypical', 'The Walking Dead'})",0.7380952380952381,0.23809523809523808,0.23809523809523808,0.3225806451612903,1.3548387096774195,0.062358276643990906,1.1247165532879817,0.9999999999999999
180,frozenset({'Atypical'}),frozenset({'The Walking Dead'}),0.5714285714285714,0.47619047619047616,0.23809523809523808,0.4166666666666667,0.8750000000000001,-0.03401360544217685,0.8979591836734695,-0.2499999999999999
182,"frozenset({'Atypical', 'Ozark'})",frozenset({'The Mentalist'}),0.4523809523809524,0.42857142857142855,0.23809523809523808,0.5263157894736842,1.2280701754385965,0.044217687074829926,1.2063492063492063,0.3391304347826087
183,"frozenset({'Atypical', 'The Mentalist'})",frozenset({'Ozark'}),0.30952380952380953,0.7380952380952381,0.23809523809523808,0.7692307692307692,1.042183622828784,0.009637188208616754,1.1349206349206344,0.05862068965517226
181,frozenset({'The Walking Dead'}),frozenset({'Atypical'}),0.47619047619047616,0.5714285714285714,0.23809523809523808,0.5,0.875,-0.03401360544217685,0.8571428571428572,-0.2142857142857142
185,frozenset({'Atypical'}),"frozenset({'Ozark', 'The Mentalist'})",0.5714285714285714,0.30952380952380953,0.23809523809523808,0.4166666666666667,1.3461538461538463,0.06122448979591835,1.1836734693877553,0.5999999999999999
186,frozenset({'Ozark'}),"frozenset({'Atypical', 'The Mentalist'})",0.7380952380952381,0.30952380952380953,0.23809523809523808,0.3225806451612903,1.042183622828784,0.009637188208616754,1.0192743764172334,0.15454545454545415
187,frozenset({'The Mentalist'}),"frozenset({'Atypical', 'Ozark'})",0.42857142857142855,0.4523809523809524,0.23809523809523808,0.5555555555555556,1.2280701754385965,0.044217687074829926,1.2321428571428574,0.325
188,frozenset({'Outer Banks'}),frozenset({'Shadow and Bone'}),0.35714285714285715,0.47619047619047616,0.23809523809523808,0.6666666666666666,1.4,0.06802721088435373,1.5714285714285714,0.4444444444444445
189,frozenset({'Shadow and Bone'}),frozenset({'Outer Banks'}),0.47619047619047616,0.35714285714285715,0.23809523809523808,0.5,1.4,0.06802721088435373,1.2857142857142856,0.5454545454545454
395,frozenset({'Atypical'}),"frozenset({'Deception', 'The Mentalist'})",0.5714285714285714,0.2857142857142857,0.21428571428571427,0.375,1.3125,0.05102040816326531,1.1428571428571428,0.5555555555555556
394,"frozenset({'Deception', 'The Mentalist'})",frozenset({'Atypical'}),0.2857142857142857,0.5714285714285714,0.21428571428571427,0.75,1.3125,0.05102040816326531,1.7142857142857144,0.3333333333333333
403,frozenset({'Cobra Kai'}),frozenset({'The Blacklist'}),0.3333333333333333,0.6428571428571429,0.21428571428571427,0.6428571428571429,1.0,-2.7755575615628914e-17,1.0,-1.9428902930940237e-16
396,frozenset({'Deception'}),"frozenset({'Atypical', 'The Mentalist'})",0.47619047619047616,0.30952380952380953,0.21428571428571427,0.45,1.4538461538461538,0.06689342403628118,1.2554112554112553,0.5959595959595959
397,frozenset({'The Mentalist'}),"frozenset({'Atypical', 'Deception'})",0.42857142857142855,0.3333333333333333,0.21428571428571427,0.5,1.5,0.07142857142857142,1.3333333333333335,0.5833333333333334
398,frozenset({'Atypical'}),frozenset({'Spartacus'}),0.5714285714285714,0.2619047619047619,0.21428571428571427,0.375,1.4318181818181817,0.06462585034013604,1.180952380952381,0.7037037037037035
399,frozenset({'Spartacus'}),frozenset({'Atypical'}),0.2619047619047619,0.5714285714285714,0.21428571428571427,0.8181818181818181,1.4318181818181819,0.06462585034013604,2.3571428571428563,0.4086021505376343
400,frozenset({'The Blacklist'}),frozenset({'Chernobyl'}),0.6428571428571429,0.2857142857142857,0.21428571428571427,0.3333333333333333,1.1666666666666667,0.030612244897959162,1.0714285714285714,0.3999999999999998
401,frozenset({'Chernobyl'}),frozenset({'The Blacklist'}),0.2857142857142857,0.6428571428571429,0.21428571428571427,0.75,1.1666666666666665,0.030612244897959162,1.4285714285714284,0.19999999999999984
402,frozenset({'The Blacklist'}),frozenset({'Cobra Kai'}),0.6428571428571429,0.3333333333333333,0.21428571428571427,0.3333333333333333,1.0,-2.7755575615628914e-17,1.0,-3.6267285471088446e-16
408,frozenset({'Demon Slayer'}),frozenset({'Deception'}),0.47619047619047616,0.47619047619047616,0.21428571428571427,0.45,0.9450000000000001,-0.012471655328798181,0.9523809523809523,-0.09999999999999999
404,frozenset({'Daredevil'}),frozenset({'Shadow and Bone'}),0.38095238095238093,0.47619047619047616,0.21428571428571427,0.5625,1.1812500000000001,0.032879818594104326,1.1972789115646258,0.24786324786324798
405,frozenset({'Shadow and Bone'}),frozenset({'Daredevil'}),0.47619047619047616,0.38095238095238093,0.21428571428571427,0.45,1.1812500000000001,0.032879818594104326,1.1255411255411254,0.2929292929292931
406,frozenset({'Dark'}),frozenset({'Ozark'}),0.2857142857142857,0.7380952380952381,0.21428571428571427,0.75,1.0161290322580645,0.003401360544217663,1.0476190476190474,0.022222222222222063
407,frozenset({'Ozark'}),frozenset({'Dark'}),0.7380952380952381,0.2857142857142857,0.21428571428571427,0.29032258064516125,1.0161290322580645,0.003401360544217663,1.0064935064935066,0.06060606060606019
409,frozenset({'Deception'}),frozenset({'Demon Slayer'}),0.47619047619047616,0.47619047619047616,0.21428571428571427,0.45,0.9450000000000001,-0.012471655328798181,0.9523809523809523,-0.09999999999999999
410,frozenset({'Hanna'}),frozenset({'Deception'}),0.38095238095238093,0.47619047619047616,0.21428571428571427,0.5625,1.1812500000000001,0.032879818594104326,1.1972789115646258,0.24786324786324798
411,frozenset({'Deception'}),frozenset({'Hanna'}),0.47619047619047616,0.38095238095238093,0.21428571428571427,0.45,1.1812500000000001,0.032879818594104326,1.1255411255411254,0.2929292929292931
412,frozenset({'Demon Slayer'}),frozenset({'Berlin Station'}),0.47619047619047616,0.4523809523809524,0.21428571428571427,0.45,0.9947368421052631,-0.0011337868480725544,0.9956709956709957,-0.009999999999999929
392,"frozenset({'Atypical', 'Deception'})",frozenset({'The Mentalist'}),0.3333333333333333,0.42857142857142855,0.21428571428571427,0.6428571428571429,1.5000000000000002,0.07142857142857142,1.6,0.4999999999999999
413,frozenset({'Berlin Station'}),frozenset({'Demon Slayer'}),0.4523809523809524,0.47619047619047616,0.21428571428571427,0.47368421052631576,0.9947368421052631,-0.0011337868480725544,0.9952380952380951,-0.009569377990430556
393,"frozenset({'Atypical', 'The Mentalist'})",frozenset({'Deception'}),0.30952380952380953,0.47619047619047616,0.21428571428571427,0.6923076923076923,1.4538461538461538,0.06689342403628118,1.7023809523809523,0.4521072796934866
377,frozenset({'Stranger Things'}),"frozenset({'The Blacklist', 'Atypical'})",0.38095238095238093,0.42857142857142855,0.21428571428571427,0.5625,1.3125,0.05102040816326531,1.3061224489795917,0.3846153846153846
391,frozenset({'Two and a half men'}),frozenset({'Queen of the South'}),0.3333333333333333,0.35714285714285715,0.21428571428571427,0.6428571428571429,1.8,0.09523809523809523,1.8,0.6666666666666665
390,frozenset({'Queen of the South'}),frozenset({'Two and a half men'}),0.35714285714285715,0.3333333333333333,0.21428571428571427,0.6,1.8,0.09523809523809523,1.6666666666666667,0.6913580246913581
415,frozenset({'Berlin Station'}),frozenset({'Big Little Lies'}),0.4523809523809524,0.30952380952380953,0.21428571428571427,0.47368421052631576,1.5303643724696354,0.07426303854875282,1.3119047619047617,0.6328502415458936
369,frozenset({'The Blacklist'}),"frozenset({'Demon Slayer', 'Atypical'})",0.6428571428571429,0.2619047619047619,0.21428571428571427,0.3333333333333333,1.2727272727272725,0.04591836734693874,1.107142857142857,0.5999999999999996
370,frozenset({'Atypical'}),"frozenset({'The Blacklist', 'Demon Slayer'})",0.5714285714285714,0.3333333333333333,0.21428571428571427,0.375,1.125,0.023809523809523808,1.0666666666666669,0.25925925925925924
371,frozenset({'Demon Slayer'}),"frozenset({'The Blacklist', 'Atypical'})",0.47619047619047616,0.42857142857142855,0.21428571428571427,0.45,1.05,0.010204081632653073,1.0389610389610389,0.09090909090909101
372,"frozenset({'The Blacklist', 'Atypical'})",frozenset({'Stranger Things'}),0.42857142857142855,0.38095238095238093,0.21428571428571427,0.5,1.3125,0.05102040816326531,1.2380952380952381,0.41666666666666674
373,"frozenset({'The Blacklist', 'Stranger Things'})",frozenset({'Atypical'}),0.2619047619047619,0.5714285714285714,0.21428571428571427,0.8181818181818181,1.4318181818181819,0.06462585034013604,2.3571428571428563,0.4086021505376343
374,"frozenset({'Atypical', 'Stranger Things'})",frozenset({'The Blacklist'}),0.2857142857142857,0.6428571428571429,0.21428571428571427,0.75,1.1666666666666665,0.030612244897959162,1.4285714285714284,0.19999999999999984
375,frozenset({'The Blacklist'}),"frozenset({'Atypical', 'Stranger Things'})",0.6428571428571429,0.2857142857142857,0.21428571428571427,0.3333333333333333,1.1666666666666667,0.030612244897959162,1.0714285714285714,0.3999999999999998
376,frozenset({'Atypical'}),"frozenset({'The Blacklist', 'Stranger Things'})",0.5714285714285714,0.2619047619047619,0.21428571428571427,0.375,1.4318181818181817,0.06462585034013604,1.180952380952381,0.7037037037037035
378,"frozenset({'Atypical', 'The Wire'})",frozenset({'Ozark'}),0.23809523809523808,0.7380952380952381,0.21428571428571427,0.9,1.2193548387096773,0.0385487528344671,2.619047619047619,0.236111111111111
379,"frozenset({'Atypical', 'Ozark'})",frozenset({'The Wire'}),0.4523809523809524,0.35714285714285715,0.21428571428571427,0.47368421052631576,1.3263157894736841,0.052721088435374125,1.221428571428571,0.44927536231884035
380,"frozenset({'The Wire', 'Ozark'})",frozenset({'Atypical'}),0.2619047619047619,0.5714285714285714,0.21428571428571427,0.8181818181818181,1.4318181818181819,0.06462585034013604,2.3571428571428563,0.4086021505376343
381,frozenset({'Atypical'}),"frozenset({'The Wire', 'Ozark'})",0.5714285714285714,0.2619047619047619,0.21428571428571427,0.375,1.4318181818181817,0.06462585034013604,1.180952380952381,0.7037037037037035
382,frozenset({'The Wire'}),"frozenset({'Atypical', 'Ozark'})",0.35714285714285715,0.4523809523809524,0.21428571428571427,0.6,1.3263157894736841,0.052721088435374125,1.369047619047619,0.3827160493827159
383,frozenset({'Ozark'}),"frozenset({'Atypical', 'The Wire'})",0.7380952380952381,0.23809523809523808,0.21428571428571427,0.29032258064516125,1.2193548387096773,0.0385487528344671,1.0735930735930734,0.6868686868686866
384,"frozenset({'The Blacklist', 'Atypical'})",frozenset({'The Mentalist'}),0.42857142857142855,0.42857142857142855,0.21428571428571427,0.5,1.1666666666666667,0.03061224489795919,1.1428571428571428,0.2500000000000001
385,"frozenset({'The Blacklist', 'The Mentalist'})",frozenset({'Atypical'}),0.23809523809523808,0.5714285714285714,0.21428571428571427,0.9,1.5750000000000002,0.0782312925170068,4.285714285714287,0.47916666666666674
386,"frozenset({'Atypical', 'The Mentalist'})",frozenset({'The Blacklist'}),0.30952380952380953,0.6428571428571429,0.21428571428571427,0.6923076923076923,1.0769230769230769,0.015306122448979553,1.1607142857142856,0.1034482758620687
387,frozenset({'The Blacklist'}),"frozenset({'Atypical', 'The Mentalist'})",0.6428571428571429,0.30952380952380953,0.21428571428571427,0.3333333333333333,1.0769230769230769,0.015306122448979553,1.0357142857142856,0.19999999999999954
388,frozenset({'Atypical'}),"frozenset({'The Blacklist', 'The Mentalist'})",0.5714285714285714,0.23809523809523808,0.21428571428571427,0.375,1.5750000000000002,0.0782312925170068,1.219047619047619,0.8518518518518519
389,frozenset({'The Mentalist'}),"frozenset({'The Blacklist', 'Atypical'})",0.42857142857142855,0.42857142857142855,0.21428571428571427,0.5,1.1666666666666667,0.03061224489795919,1.1428571428571428,0.2500000000000001
414,frozenset({'Big Little Lies'}),frozenset({'Berlin Station'}),0.30952380952380953,0.4523809523809524,0.21428571428571427,0.6923076923076923,1.5303643724696356,0.07426303854875282,1.7797619047619049,0.5019157088122604
445,frozenset({'The Mentalist'}),frozenset({'Mr. Robot'}),0.42857142857142855,0.5,0.21428571428571427,0.5,1.0,0.0,1.0,0.0
416,frozenset({'The Wire'}),frozenset({'Deception'}),0.35714285714285715,0.47619047619047616,0.21428571428571427,0.6,1.26,0.044217687074829926,1.3095238095238095,0.32098765432098764
417,frozenset({'Deception'}),frozenset({'The Wire'}),0.47619047619047616,0.35714285714285715,0.21428571428571427,0.45,1.26,0.044217687074829926,1.1688311688311686,0.39393939393939387
442,frozenset({'Atypical'}),frozenset({'Dr. House'}),0.5714285714285714,0.30952380952380953,0.21428571428571427,0.375,1.2115384615384615,0.037414965986394544,1.1047619047619048,0.4074074074074072
443,frozenset({'Dr. House'}),frozenset({'Atypical'}),0.30952380952380953,0.5714285714285714,0.21428571428571427,0.6923076923076923,1.2115384615384617,0.037414965986394544,1.3928571428571428,0.2528735632183907
444,frozenset({'Mr. Robot'}),frozenset({'The Mentalist'}),0.5,0.42857142857142855,0.21428571428571427,0.42857142857142855,1.0,0.0,1.0,0.0
367,"frozenset({'The Blacklist', 'Demon Slayer'})",frozenset({'Atypical'}),0.3333333333333333,0.5714285714285714,0.21428571428571427,0.6428571428571429,1.1250000000000002,0.023809523809523808,1.2000000000000002,0.16666666666666663
446,frozenset({'Mr. Robot'}),frozenset({'Two and a half men'}),0.5,0.3333333333333333,0.21428571428571427,0.42857142857142855,1.2857142857142858,0.047619047619047616,1.166666666666667,0.4444444444444444
447,frozenset({'Two and a half men'}),frozenset({'Mr. Robot'}),0.3333333333333333,0.5,0.21428571428571427,0.6428571428571429,1.2857142857142858,0.047619047619047616,1.4000000000000001,0.33333333333333326
448,frozenset({'Outer Banks'}),frozenset({'Ozark'}),0.35714285714285715,0.7380952380952381,0.21428571428571427,0.6,0.8129032258064516,-0.04931972789115649,0.6547619047619047,-0.2636363636363638
449,frozenset({'Ozark'}),frozenset({'Outer Banks'}),0.7380952380952381,0.35714285714285715,0.21428571428571427,0.29032258064516125,0.8129032258064515,-0.04931972789115649,0.9058441558441557,-0.46774193548387116
450,frozenset({'Ozark'}),frozenset({'Alice in Borderland'}),0.7380952380952381,0.30952380952380953,0.21428571428571427,0.29032258064516125,0.9379652605459056,-0.014172335600907054,0.9729437229437229,-0.20161290322580674
451,frozenset({'Alice in Borderland'}),frozenset({'Ozark'}),0.30952380952380953,0.7380952380952381,0.21428571428571427,0.6923076923076923,0.9379652605459057,-0.014172335600907054,0.851190476190476,-0.08741258741258756
452,frozenset({'Succession'}),frozenset({'Ozark'}),0.2619047619047619,0.7380952380952381,0.21428571428571427,0.8181818181818181,1.1085043988269794,0.02097505668934238,1.4404761904761898,0.13261648745519697
453,frozenset({'Ozark'}),frozenset({'Succession'}),0.7380952380952381,0.2619047619047619,0.21428571428571427,0.29032258064516125,1.1085043988269794,0.02097505668934238,1.04004329004329,0.3737373737373734
454,frozenset({'Atypical'}),frozenset({'Alice in Borderland'}),0.5714285714285714,0.30952380952380953,0.21428571428571427,0.375,1.2115384615384615,0.037414965986394544,1.1047619047619048,0.4074074074074072
455,frozenset({'Alice in Borderland'}),frozenset({'Atypical'}),0.30952380952380953,0.5714285714285714,0.21428571428571427,0.6923076923076923,1.2115384615384617,0.037414965986394544,1.3928571428571428,0.2528735632183907
456,frozenset({'12 Monkeys'}),frozenset({'Stranger Things'}),0.35714285714285715,0.38095238095238093,0.21428571428571427,0.6,1.575,0.0782312925170068,1.5476190476190477,0.5679012345679013
457,frozenset({'Stranger Things'}),frozenset({'12 Monkeys'}),0.38095238095238093,0.35714285714285715,0.21428571428571427,0.5625,1.575,0.0782312925170068,1.4693877551020407,0.5897435897435898
458,frozenset({'Chernobyl'}),frozenset({'Ozark'}),0.2857142857142857,0.7380952380952381,0.21428571428571427,0.75,1.0161290322580645,0.003401360544217663,1.0476190476190474,0.022222222222222063
459,frozenset({'Ozark'}),frozenset({'Chernobyl'}),0.7380952380952381,0.2857142857142857,0.21428571428571427,0.29032258064516125,1.0161290322580645,0.003401360544217663,1.0064935064935066,0.06060606060606019
460,frozenset({'The Mentalist'}),frozenset({'The Walking Dead'}),0.42857142857142855,0.47619047619047616,0.21428571428571427,0.5,1.05,0.010204081632653073,1.0476190476190477,0.08333333333333344
461,frozenset({'The Walking Dead'}),frozenset({'The Mentalist'}),0.47619047619047616,0.42857142857142855,0.21428571428571427,0.45,1.05,0.010204081632653073,1.0389610389610389,0.09090909090909101
462,frozenset({'Mr. Robot'}),frozenset({'Deception'}),0.5,0.47619047619047616,0.21428571428571427,0.42857142857142855,0.9,-0.023809523809523808,0.9166666666666667,-0.18181818181818185
441,frozenset({'Shadow and Bone'}),frozenset({'Mr. Robot'}),0.47619047619047616,0.5,0.21428571428571427,0.45,0.9,-0.023809523809523808,0.9090909090909091,-0.17500000000000002
440,frozenset({'Mr. Robot'}),frozenset({'Shadow and Bone'}),0.5,0.47619047619047616,0.21428571428571427,0.42857142857142855,0.9,-0.023809523809523808,0.9166666666666667,-0.18181818181818185
439,frozenset({'Hanna'}),frozenset({'Atypical'}),0.38095238095238093,0.5714285714285714,0.21428571428571427,0.5625,0.984375,-0.003401360544217663,0.979591836734694,-0.024999999999999828
427,frozenset({'Hanna'}),frozenset({'Family Guy'}),0.38095238095238093,0.4523809523809524,0.21428571428571427,0.5625,1.243421052631579,0.04195011337868482,1.251700680272109,0.3162393162393163
418,frozenset({'Mr. Robot'}),frozenset({'Demon Slayer'}),0.5,0.47619047619047616,0.21428571428571427,0.42857142857142855,0.9,-0.023809523809523808,0.9166666666666667,-0.18181818181818185
419,frozenset({'Demon Slayer'}),frozenset({'Mr. Robot'}),0.47619047619047616,0.5,0.21428571428571427,0.45,0.9,-0.023809523809523808,0.9090909090909091,-0.17500000000000002
420,frozenset({'Banshee'}),frozenset({'Ozark'}),0.2857142857142857,0.7380952380952381,0.21428571428571427,0.75,1.0161290322580645,0.003401360544217663,1.0476190476190474,0.022222222222222063
421,frozenset({'Ozark'}),frozenset({'Banshee'}),0.7380952380952381,0.2857142857142857,0.21428571428571427,0.29032258064516125,1.0161290322580645,0.003401360544217663,1.0064935064935066,0.06060606060606019
422,frozenset({'Demon Slayer'}),frozenset({'The Mentalist'}),0.47619047619047616,0.42857142857142855,0.21428571428571427,0.45,1.05,0.010204081632653073,1.0389610389610389,0.09090909090909101
423,frozenset({'The Mentalist'}),frozenset({'Demon Slayer'}),0.42857142857142855,0.47619047619047616,0.21428571428571427,0.5,1.05,0.010204081632653073,1.0476190476190477,0.08333333333333344
424,frozenset({'The Blacklist'}),frozenset({'Dr. House'}),0.6428571428571429,0.30952380952380953,0.21428571428571427,0.3333333333333333,1.0769230769230769,0.015306122448979553,1.0357142857142856,0.19999999999999954
425,frozenset({'Dr. House'}),frozenset({'The Blacklist'}),0.30952380952380953,0.6428571428571429,0.21428571428571427,0.6923076923076923,1.0769230769230769,0.015306122448979553,1.1607142857142856,0.1034482758620687
426,frozenset({'Family Guy'}),frozenset({'Hanna'}),0.4523809523809524,0.38095238095238093,0.21428571428571427,0.47368421052631576,1.243421052631579,0.04195011337868482,1.176190476190476,0.3574879227053141
428,frozenset({'The Blacklist'}),frozenset({'Hanna'}),0.6428571428571429,0.38095238095238093,0.21428571428571427,0.3333333333333333,0.875,-0.03061224489795919,0.9285714285714285,-0.28571428571428575
438,frozenset({'Atypical'}),frozenset({'Hanna'}),0.5714285714285714,0.38095238095238093,0.21428571428571427,0.375,0.984375,-0.003401360544217663,0.9904761904761905,-0.03571428571428546
429,frozenset({'Hanna'}),frozenset({'The Blacklist'}),0.38095238095238093,0.6428571428571429,0.21428571428571427,0.5625,0.8749999999999999,-0.03061224489795919,0.8163265306122448,-0.18750000000000003
430,"frozenset({'Atypical', '12 Monkeys'})",frozenset({'Family Guy'}),0.2857142857142857,0.4523809523809524,0.21428571428571427,0.75,1.6578947368421053,0.08503401360544216,2.1904761904761907,0.5555555555555555
431,"frozenset({'Atypical', 'Family Guy'})",frozenset({'12 Monkeys'}),0.38095238095238093,0.35714285714285715,0.21428571428571427,0.5625,1.575,0.0782312925170068,1.4693877551020407,0.5897435897435898
432,"frozenset({'12 Monkeys', 'Family Guy'})",frozenset({'Atypical'}),0.23809523809523808,0.5714285714285714,0.21428571428571427,0.9,1.5750000000000002,0.0782312925170068,4.285714285714287,0.47916666666666674
433,frozenset({'Atypical'}),"frozenset({'12 Monkeys', 'Family Guy'})",0.5714285714285714,0.23809523809523808,0.21428571428571427,0.375,1.5750000000000002,0.0782312925170068,1.219047619047619,0.8518518518518519
434,frozenset({'12 Monkeys'}),"frozenset({'Atypical', 'Family Guy'})",0.35714285714285715,0.38095238095238093,0.21428571428571427,0.6,1.575,0.0782312925170068,1.5476190476190477,0.5679012345679013
435,frozenset({'Family Guy'}),"frozenset({'Atypical', '12 Monkeys'})",0.4523809523809524,0.2857142857142857,0.21428571428571427,0.47368421052631576,1.6578947368421053,0.08503401360544216,1.357142857142857,0.7246376811594201
436,frozenset({'The Blacklist'}),frozenset({'Jack Ryan'}),0.6428571428571429,0.2857142857142857,0.21428571428571427,0.3333333333333333,1.1666666666666667,0.030612244897959162,1.0714285714285714,0.3999999999999998
437,frozenset({'Jack Ryan'}),frozenset({'The Blacklist'}),0.2857142857142857,0.6428571428571429,0.21428571428571427,0.75,1.1666666666666665,0.030612244897959162,1.4285714285714284,0.19999999999999984
368,"frozenset({'Demon Slayer', 'Atypical'})",frozenset({'The Blacklist'}),0.2619047619047619,0.6428571428571429,0.21428571428571427,0.8181818181818181,1.2727272727272725,0.04591836734693874,1.9642857142857133,0.2903225806451611
336,"frozenset({'The Blacklist', 'Ozark'})",frozenset({'Demon Slayer'}),0.5,0.47619047619047616,0.21428571428571427,0.42857142857142855,0.9,-0.023809523809523808,0.9166666666666667,-0.18181818181818185
366,"frozenset({'The Blacklist', 'Atypical'})",frozenset({'Demon Slayer'}),0.42857142857142855,0.47619047619047616,0.21428571428571427,0.5,1.05,0.010204081632653073,1.0476190476190477,0.08333333333333344
316,frozenset({'Ozark'}),"frozenset({'Atypical', 'Family Guy', 'Berlin Station'})",0.7380952380952381,0.23809523809523808,0.21428571428571427,0.29032258064516125,1.2193548387096773,0.0385487528344671,1.0735930735930734,0.6868686868686866
294,"frozenset({'The Blacklist', 'Atypical'})","frozenset({'Family Guy', 'Berlin Station'})",0.42857142857142855,0.2619047619047619,0.21428571428571427,0.5,1.909090909090909,0.1020408163265306,1.4761904761904763,0.8333333333333334
295,"frozenset({'The Blacklist', 'Family Guy'})","frozenset({'Atypical', 'Berlin Station'})",0.3333333333333333,0.2857142857142857,0.21428571428571427,0.6428571428571429,2.2500000000000004,0.11904761904761904,2.0000000000000004,0.8333333333333331
296,"frozenset({'The Blacklist', 'Berlin Station'})","frozenset({'Atypical', 'Family Guy'})",0.2857142857142857,0.38095238095238093,0.21428571428571427,0.75,1.96875,0.1054421768707483,2.4761904761904763,0.6888888888888889
297,"frozenset({'Atypical', 'Family Guy'})","frozenset({'The Blacklist', 'Berlin Station'})",0.38095238095238093,0.2857142857142857,0.21428571428571427,0.5625,1.96875,0.1054421768707483,1.6326530612244898,0.7948717948717948
298,"frozenset({'Atypical', 'Berlin Station'})","frozenset({'The Blacklist', 'Family Guy'})",0.2857142857142857,0.3333333333333333,0.21428571428571427,0.75,2.25,0.11904761904761904,2.666666666666667,0.7777777777777777
299,"frozenset({'Family Guy', 'Berlin Station'})","frozenset({'The Blacklist', 'Atypical'})",0.2619047619047619,0.42857142857142855,0.21428571428571427,0.8181818181818181,1.909090909090909,0.1020408163265306,3.1428571428571415,0.6451612903225805
300,frozenset({'The Blacklist'}),"frozenset({'Atypical', 'Family Guy', 'Berlin Station'})",0.6428571428571429,0.23809523809523808,0.21428571428571427,0.3333333333333333,1.4,0.06122448979591835,1.1428571428571426,0.7999999999999999
301,frozenset({'Atypical'}),"frozenset({'The Blacklist', 'Family Guy', 'Berlin Station'})",0.5714285714285714,0.21428571428571427,0.21428571428571427,0.375,1.75,0.09183673469387756,1.2571428571428571,1.0
302,frozenset({'Family Guy'}),"frozenset({'The Blacklist', 'Atypical', 'Berlin Station'})",0.4523809523809524,0.23809523809523808,0.21428571428571427,0.47368421052631576,1.9894736842105263,0.10657596371882086,1.4476190476190474,0.9082125603864734
303,frozenset({'Berlin Station'}),"frozenset({'The Blacklist', 'Atypical', 'Family Guy'})",0.4523809523809524,0.30952380952380953,0.21428571428571427,0.47368421052631576,1.5303643724696354,0.07426303854875282,1.3119047619047617,0.6328502415458936
304,"frozenset({'Atypical', 'Family Guy', 'Ozark'})",frozenset({'Berlin Station'}),0.30952380952380953,0.4523809523809524,0.21428571428571427,0.6923076923076923,1.5303643724696356,0.07426303854875282,1.7797619047619049,0.5019157088122604
305,"frozenset({'Atypical', 'Family Guy', 'Berlin Station'})",frozenset({'Ozark'}),0.23809523809523808,0.7380952380952381,0.21428571428571427,0.9,1.2193548387096773,0.0385487528344671,2.619047619047619,0.236111111111111
306,"frozenset({'Atypical', 'Ozark', 'Berlin Station'})",frozenset({'Family Guy'}),0.23809523809523808,0.4523809523809524,0.21428571428571427,0.9,1.9894736842105263,0.10657596371882086,5.476190476190478,0.6527777777777778
307,"frozenset({'Family Guy', 'Ozark', 'Berlin Station'})",frozenset({'Atypical'}),0.23809523809523808,0.5714285714285714,0.21428571428571427,0.9,1.5750000000000002,0.0782312925170068,4.285714285714287,0.47916666666666674
308,"frozenset({'Atypical', 'Family Guy'})","frozenset({'Ozark', 'Berlin Station'})",0.38095238095238093,0.35714285714285715,0.21428571428571427,0.5625,1.575,0.0782312925170068,1.4693877551020407,0.5897435897435898
309,"frozenset({'Atypical', 'Ozark'})","frozenset({'Family Guy', 'Berlin Station'})",0.4523809523809524,0.2619047619047619,0.21428571428571427,0.47368421052631576,1.8086124401913874,0.0958049886621315,1.4023809523809523,0.8164251207729466
310,"frozenset({'Atypical', 'Berlin Station'})","frozenset({'Family Guy', 'Ozark'})",0.2857142857142857,0.38095238095238093,0.21428571428571427,0.75,1.96875,0.1054421768707483,2.4761904761904763,0.6888888888888889
311,"frozenset({'Family Guy', 'Ozark'})","frozenset({'Atypical', 'Berlin Station'})",0.38095238095238093,0.2857142857142857,0.21428571428571427,0.5625,1.96875,0.1054421768707483,1.6326530612244898,0.7948717948717948
312,"frozenset({'Family Guy', 'Berlin Station'})","frozenset({'Atypical', 'Ozark'})",0.2619047619047619,0.4523809523809524,0.21428571428571427,0.8181818181818181,1.8086124401913874,0.0958049886621315,3.011904761904761,0.6057347670250894
313,"frozenset({'Ozark', 'Berlin Station'})","frozenset({'Atypical', 'Family Guy'})",0.35714285714285715,0.38095238095238093,0.21428571428571427,0.6,1.575,0.0782312925170068,1.5476190476190477,0.5679012345679013
314,frozenset({'Atypical'}),"frozenset({'Family Guy', 'Ozark', 'Berlin Station'})",0.5714285714285714,0.23809523809523808,0.21428571428571427,0.375,1.5750000000000002,0.0782312925170068,1.219047619047619,0.8518518518518519
293,"frozenset({'Atypical', 'Family Guy', 'Berlin Station'})",frozenset({'The Blacklist'}),0.23809523809523808,0.6428571428571429,0.21428571428571427,0.9,1.4,0.06122448979591835,3.5714285714285716,0.37499999999999994
292,"frozenset({'The Blacklist', 'Family Guy', 'Berlin Station'})",frozenset({'Atypical'}),0.21428571428571427,0.5714285714285714,0.21428571428571427,1.0,1.75,0.09183673469387756,inf,0.5454545454545455
291,"frozenset({'The Blacklist', 'Atypical', 'Berlin Station'})",frozenset({'Family Guy'}),0.23809523809523808,0.4523809523809524,0.21428571428571427,0.9,1.9894736842105263,0.10657596371882086,5.476190476190478,0.6527777777777778
279,frozenset({'Mr. Robot'}),"frozenset({'Atypical', 'Family Guy'})",0.5,0.38095238095238093,0.21428571428571427,0.42857142857142855,1.125,0.023809523809523808,1.0833333333333335,0.2222222222222222
270,"frozenset({'Atypical', 'Jack Ryan'})",frozenset({'Ozark'}),0.23809523809523808,0.7380952380952381,0.21428571428571427,0.9,1.2193548387096773,0.0385487528344671,2.619047619047619,0.236111111111111
271,"frozenset({'Atypical', 'Ozark'})",frozenset({'Jack Ryan'}),0.4523809523809524,0.2857142857142857,0.21428571428571427,0.47368421052631576,1.6578947368421053,0.08503401360544216,1.357142857142857,0.7246376811594201
272,"frozenset({'Jack Ryan', 'Ozark'})",frozenset({'Atypical'}),0.23809523809523808,0.5714285714285714,0.21428571428571427,0.9,1.5750000000000002,0.0782312925170068,4.285714285714287,0.47916666666666674
273,frozenset({'Atypical'}),"frozenset({'Jack Ryan', 'Ozark'})",0.5714285714285714,0.23809523809523808,0.21428571428571427,0.375,1.5750000000000002,0.0782312925170068,1.219047619047619,0.8518518518518519
274,frozenset({'Jack Ryan'}),"frozenset({'Atypical', 'Ozark'})",0.2857142857142857,0.4523809523809524,0.21428571428571427,0.75,1.6578947368421053,0.08503401360544216,2.1904761904761907,0.5555555555555555
275,frozenset({'Ozark'}),"frozenset({'Atypical', 'Jack Ryan'})",0.7380952380952381,0.23809523809523808,0.21428571428571427,0.29032258064516125,1.2193548387096773,0.0385487528344671,1.0735930735930734,0.6868686868686866
276,"frozenset({'Mr. Robot', 'Atypical'})",frozenset({'Family Guy'}),0.30952380952380953,0.4523809523809524,0.21428571428571427,0.6923076923076923,1.5303643724696356,0.07426303854875282,1.7797619047619049,0.5019157088122604
277,"frozenset({'Mr. Robot', 'Family Guy'})",frozenset({'Atypical'}),0.2619047619047619,0.5714285714285714,0.21428571428571427,0.8181818181818181,1.4318181818181819,0.06462585034013604,2.3571428571428563,0.4086021505376343
278,"frozenset({'Atypical', 'Family Guy'})",frozenset({'Mr. Robot'}),0.38095238095238093,0.5,0.21428571428571427,0.5625,1.125,0.023809523809523808,1.1428571428571428,0.17948717948717946
280,frozenset({'Atypical'}),"frozenset({'Mr. Robot', 'Family Guy'})",0.5714285714285714,0.2619047619047619,0.21428571428571427,0.375,1.4318181818181817,0.06462585034013604,1.180952380952381,0.7037037037037035
290,"frozenset({'The Blacklist', 'Atypical', 'Family Guy'})",frozenset({'Berlin Station'}),0.30952380952380953,0.4523809523809524,0.21428571428571427,0.6923076923076923,1.5303643724696356,0.07426303854875282,1.7797619047619049,0.5019157088122604
281,frozenset({'Family Guy'}),"frozenset({'Mr. Robot', 'Atypical'})",0.4523809523809524,0.30952380952380953,0.21428571428571427,0.47368421052631576,1.5303643724696354,0.07426303854875282,1.3119047619047617,0.6328502415458936
282,frozenset({'Berlin Station'}),frozenset({'Two and a half men'}),0.4523809523809524,0.3333333333333333,0.21428571428571427,0.47368421052631576,1.4210526315789473,0.06349206349206349,1.2666666666666666,0.5410628019323671
283,frozenset({'Two and a half men'}),frozenset({'Berlin Station'}),0.3333333333333333,0.4523809523809524,0.21428571428571427,0.6428571428571429,1.4210526315789476,0.06349206349206349,1.5333333333333337,0.44444444444444436
284,"frozenset({'Atypical', 'Ozark'})",frozenset({'Stranger Things'}),0.4523809523809524,0.38095238095238093,0.21428571428571427,0.47368421052631576,1.243421052631579,0.04195011337868482,1.176190476190476,0.3574879227053141
285,"frozenset({'Atypical', 'Stranger Things'})",frozenset({'Ozark'}),0.2857142857142857,0.7380952380952381,0.21428571428571427,0.75,1.0161290322580645,0.003401360544217663,1.0476190476190474,0.022222222222222063
286,"frozenset({'Ozark', 'Stranger Things'})",frozenset({'Atypical'}),0.2619047619047619,0.5714285714285714,0.21428571428571427,0.8181818181818181,1.4318181818181819,0.06462585034013604,2.3571428571428563,0.4086021505376343
287,frozenset({'Atypical'}),"frozenset({'Ozark', 'Stranger Things'})",0.5714285714285714,0.2619047619047619,0.21428571428571427,0.375,1.4318181818181817,0.06462585034013604,1.180952380952381,0.7037037037037035
288,frozenset({'Ozark'}),"frozenset({'Atypical', 'Stranger Things'})",0.7380952380952381,0.2857142857142857,0.21428571428571427,0.29032258064516125,1.0161290322580645,0.003401360544217663,1.0064935064935066,0.06060606060606019
289,frozenset({'Stranger Things'}),"frozenset({'Atypical', 'Ozark'})",0.38095238095238093,0.4523809523809524,0.21428571428571427,0.5625,1.243421052631579,0.04195011337868482,1.251700680272109,0.3162393162393163
315,frozenset({'Family Guy'}),"frozenset({'Atypical', 'Ozark', 'Berlin Station'})",0.4523809523809524,0.23809523809523808,0.21428571428571427,0.47368421052631576,1.9894736842105263,0.10657596371882086,1.4476190476190474,0.9082125603864734
317,frozenset({'Berlin Station'}),"frozenset({'Atypical', 'Family Guy', 'Ozark'})",0.4523809523809524,0.30952380952380953,0.21428571428571427,0.47368421052631576,1.5303643724696354,0.07426303854875282,1.3119047619047617,0.6328502415458936
365,frozenset({'Berlin Station'}),"frozenset({'The Blacklist', 'Family Guy'})",0.4523809523809524,0.3333333333333333,0.21428571428571427,0.47368421052631576,1.4210526315789473,0.06349206349206349,1.2666666666666666,0.5410628019323671
318,"frozenset({'The Wire', 'Ozark'})",frozenset({'The Mentalist'}),0.2619047619047619,0.42857142857142855,0.21428571428571427,0.8181818181818181,1.909090909090909,0.1020408163265306,3.1428571428571415,0.6451612903225805
344,"frozenset({'Ozark', 'Deception'})",frozenset({'The Blacklist'}),0.35714285714285715,0.6428571428571429,0.21428571428571427,0.6,0.9333333333333332,-0.015306122448979637,0.8928571428571427,-0.1000000000000003
345,frozenset({'The Blacklist'}),"frozenset({'Ozark', 'Deception'})",0.6428571428571429,0.35714285714285715,0.21428571428571427,0.3333333333333333,0.9333333333333332,-0.015306122448979637,0.9642857142857141,-0.16666666666666713
346,frozenset({'Ozark'}),"frozenset({'The Blacklist', 'Deception'})",0.7380952380952381,0.2857142857142857,0.21428571428571427,0.29032258064516125,1.0161290322580645,0.003401360544217663,1.0064935064935066,0.06060606060606019
347,frozenset({'Deception'}),"frozenset({'The Blacklist', 'Ozark'})",0.47619047619047616,0.5,0.21428571428571427,0.45,0.9,-0.023809523809523808,0.9090909090909091,-0.17500000000000002
348,"frozenset({'The Blacklist', 'Family Guy'})",frozenset({'Deception'}),0.3333333333333333,0.47619047619047616,0.21428571428571427,0.6428571428571429,1.35,0.05555555555555555,1.466666666666667,0.38888888888888884
349,"frozenset({'The Blacklist', 'Deception'})",frozenset({'Family Guy'}),0.2857142857142857,0.4523809523809524,0.21428571428571427,0.75,1.6578947368421053,0.08503401360544216,2.1904761904761907,0.5555555555555555
350,"frozenset({'Family Guy', 'Deception'})",frozenset({'The Blacklist'}),0.2857142857142857,0.6428571428571429,0.21428571428571427,0.75,1.1666666666666665,0.030612244897959162,1.4285714285714284,0.19999999999999984
351,frozenset({'The Blacklist'}),"frozenset({'Family Guy', 'Deception'})",0.6428571428571429,0.2857142857142857,0.21428571428571427,0.3333333333333333,1.1666666666666667,0.030612244897959162,1.0714285714285714,0.3999999999999998
352,frozenset({'Family Guy'}),"frozenset({'The Blacklist', 'Deception'})",0.4523809523809524,0.2857142857142857,0.21428571428571427,0.47368421052631576,1.6578947368421053,0.08503401360544216,1.357142857142857,0.7246376811594201
353,frozenset({'Deception'}),"frozenset({'The Blacklist', 'Family Guy'})",0.47619047619047616,0.3333333333333333,0.21428571428571427,0.45,1.35,0.05555555555555555,1.2121212121212122,0.4949494949494949
354,"frozenset({'The Blacklist', 'Demon Slayer'})",frozenset({'Daredevil'}),0.3333333333333333,0.38095238095238093,0.21428571428571427,0.6428571428571429,1.6875000000000002,0.0873015873015873,1.7333333333333336,0.6111111111111109
355,"frozenset({'The Blacklist', 'Daredevil'})",frozenset({'Demon Slayer'}),0.23809523809523808,0.47619047619047616,0.21428571428571427,0.9,1.8900000000000001,0.10090702947845805,5.23809523809524,0.6180555555555556
356,"frozenset({'Demon Slayer', 'Daredevil'})",frozenset({'The Blacklist'}),0.2857142857142857,0.6428571428571429,0.21428571428571427,0.75,1.1666666666666665,0.030612244897959162,1.4285714285714284,0.19999999999999984
357,frozenset({'The Blacklist'}),"frozenset({'Demon Slayer', 'Daredevil'})",0.6428571428571429,0.2857142857142857,0.21428571428571427,0.3333333333333333,1.1666666666666667,0.030612244897959162,1.0714285714285714,0.3999999999999998
358,frozenset({'Demon Slayer'}),"frozenset({'The Blacklist', 'Daredevil'})",0.47619047619047616,0.23809523809523808,0.21428571428571427,0.45,1.8900000000000001,0.10090702947845805,1.385281385281385,0.898989898989899
359,frozenset({'Daredevil'}),"frozenset({'The Blacklist', 'Demon Slayer'})",0.38095238095238093,0.3333333333333333,0.21428571428571427,0.5625,1.6875,0.0873015873015873,1.523809523809524,0.658119658119658
360,"frozenset({'The Blacklist', 'Family Guy'})",frozenset({'Berlin Station'}),0.3333333333333333,0.4523809523809524,0.21428571428571427,0.6428571428571429,1.4210526315789476,0.06349206349206349,1.5333333333333337,0.44444444444444436
361,"frozenset({'The Blacklist', 'Berlin Station'})",frozenset({'Family Guy'}),0.2857142857142857,0.4523809523809524,0.21428571428571427,0.75,1.6578947368421053,0.08503401360544216,2.1904761904761907,0.5555555555555555
362,"frozenset({'Family Guy', 'Berlin Station'})",frozenset({'The Blacklist'}),0.2619047619047619,0.6428571428571429,0.21428571428571427,0.8181818181818181,1.2727272727272725,0.04591836734693874,1.9642857142857133,0.2903225806451611
363,frozenset({'The Blacklist'}),"frozenset({'Family Guy', 'Berlin Station'})",0.6428571428571429,0.2619047619047619,0.21428571428571427,0.3333333333333333,1.2727272727272725,0.04591836734693874,1.107142857142857,0.5999999999999996
364,frozenset({'Family Guy'}),"frozenset({'The Blacklist', 'Berlin Station'})",0.4523809523809524,0.2857142857142857,0.21428571428571427,0.47368421052631576,1.6578947368421053,0.08503401360544216,1.357142857142857,0.7246376811594201
343,"frozenset({'The Blacklist', 'Deception'})",frozenset({'Ozark'}),0.2857142857142857,0.7380952380952381,0.21428571428571427,0.75,1.0161290322580645,0.003401360544217663,1.0476190476190474,0.022222222222222063
342,"frozenset({'The Blacklist', 'Ozark'})",frozenset({'Deception'}),0.5,0.47619047619047616,0.21428571428571427,0.42857142857142855,0.9,-0.023809523809523808,0.9166666666666667,-0.18181818181818185
341,frozenset({'Demon Slayer'}),"frozenset({'The Blacklist', 'Ozark'})",0.47619047619047616,0.5,0.21428571428571427,0.45,0.9,-0.023809523809523808,0.9090909090909091,-0.17500000000000002
328,frozenset({'The Blacklist'}),"frozenset({'Mr. Robot', 'Family Guy'})",0.6428571428571429,0.2619047619047619,0.21428571428571427,0.3333333333333333,1.2727272727272725,0.04591836734693874,1.107142857142857,0.5999999999999996
319,"frozenset({'The Wire', 'The Mentalist'})",frozenset({'Ozark'}),0.2857142857142857,0.7380952380952381,0.21428571428571427,0.75,1.0161290322580645,0.003401360544217663,1.0476190476190474,0.022222222222222063
320,"frozenset({'Ozark', 'The Mentalist'})",frozenset({'The Wire'}),0.30952380952380953,0.35714285714285715,0.21428571428571427,0.6923076923076923,1.9384615384615385,0.10374149659863943,2.089285714285714,0.7011494252873561
321,frozenset({'The Wire'}),"frozenset({'Ozark', 'The Mentalist'})",0.35714285714285715,0.30952380952380953,0.21428571428571427,0.6,1.9384615384615382,0.10374149659863943,1.726190476190476,0.7530864197530863
322,frozenset({'Ozark'}),"frozenset({'The Wire', 'The Mentalist'})",0.7380952380952381,0.2857142857142857,0.21428571428571427,0.29032258064516125,1.0161290322580645,0.003401360544217663,1.0064935064935066,0.06060606060606019
323,frozenset({'The Mentalist'}),"frozenset({'The Wire', 'Ozark'})",0.42857142857142855,0.2619047619047619,0.21428571428571427,0.5,1.909090909090909,0.1020408163265306,1.4761904761904763,0.8333333333333334
324,"frozenset({'Mr. Robot', 'The Blacklist'})",frozenset({'Family Guy'}),0.3333333333333333,0.4523809523809524,0.21428571428571427,0.6428571428571429,1.4210526315789476,0.06349206349206349,1.5333333333333337,0.44444444444444436
325,"frozenset({'Mr. Robot', 'Family Guy'})",frozenset({'The Blacklist'}),0.2619047619047619,0.6428571428571429,0.21428571428571427,0.8181818181818181,1.2727272727272725,0.04591836734693874,1.9642857142857133,0.2903225806451611
326,"frozenset({'The Blacklist', 'Family Guy'})",frozenset({'Mr. Robot'}),0.3333333333333333,0.5,0.21428571428571427,0.6428571428571429,1.2857142857142858,0.047619047619047616,1.4000000000000001,0.33333333333333326
327,frozenset({'Mr. Robot'}),"frozenset({'The Blacklist', 'Family Guy'})",0.5,0.3333333333333333,0.21428571428571427,0.42857142857142855,1.2857142857142858,0.047619047619047616,1.166666666666667,0.4444444444444444
329,frozenset({'Family Guy'}),"frozenset({'Mr. Robot', 'The Blacklist'})",0.4523809523809524,0.3333333333333333,0.21428571428571427,0.47368421052631576,1.4210526315789473,0.06349206349206349,1.2666666666666666,0.5410628019323671
340,frozenset({'Ozark'}),"frozenset({'The Blacklist', 'Demon Slayer'})",0.7380952380952381,0.3333333333333333,0.21428571428571427,0.29032258064516125,0.8709677419354838,-0.03174603174603177,0.9393939393939394,-0.3612903225806454
330,"frozenset({'The Blacklist', 'Demon Slayer'})",frozenset({'Shadow and Bone'}),0.3333333333333333,0.47619047619047616,0.21428571428571427,0.6428571428571429,1.35,0.05555555555555555,1.466666666666667,0.38888888888888884
331,"frozenset({'The Blacklist', 'Shadow and Bone'})",frozenset({'Demon Slayer'}),0.3333333333333333,0.47619047619047616,0.21428571428571427,0.6428571428571429,1.35,0.05555555555555555,1.466666666666667,0.38888888888888884
332,"frozenset({'Demon Slayer', 'Shadow and Bone'})",frozenset({'The Blacklist'}),0.23809523809523808,0.6428571428571429,0.21428571428571427,0.9,1.4,0.06122448979591835,3.5714285714285716,0.37499999999999994
333,frozenset({'The Blacklist'}),"frozenset({'Demon Slayer', 'Shadow and Bone'})",0.6428571428571429,0.23809523809523808,0.21428571428571427,0.3333333333333333,1.4,0.06122448979591835,1.1428571428571426,0.7999999999999999
334,frozenset({'Demon Slayer'}),"frozenset({'The Blacklist', 'Shadow and Bone'})",0.47619047619047616,0.3333333333333333,0.21428571428571427,0.45,1.35,0.05555555555555555,1.2121212121212122,0.4949494949494949
335,frozenset({'Shadow and Bone'}),"frozenset({'The Blacklist', 'Demon Slayer'})",0.47619047619047616,0.3333333333333333,0.21428571428571427,0.45,1.35,0.05555555555555555,1.2121212121212122,0.4949494949494949
337,"frozenset({'The Blacklist', 'Demon Slayer'})",frozenset({'Ozark'}),0.3333333333333333,0.7380952380952381,0.21428571428571427,0.6428571428571429,0.8709677419354839,-0.03174603174603177,0.7333333333333333,-0.181818181818182
338,"frozenset({'Demon Slayer', 'Ozark'})",frozenset({'The Blacklist'}),0.2857142857142857,0.6428571428571429,0.21428571428571427,0.75,1.1666666666666665,0.030612244897959162,1.4285714285714284,0.19999999999999984
339,frozenset({'The Blacklist'}),"frozenset({'Demon Slayer', 'Ozark'})",0.6428571428571429,0.2857142857142857,0.21428571428571427,0.3333333333333333,1.1666666666666667,0.030612244897959162,1.0714285714285714,0.3999999999999998
463,frozenset({'Deception'}),frozenset({'Mr. Robot'}),0.47619047619047616,0.5,0.21428571428571427,0.45,0.9,-0.023809523809523808,0.9090909090909091,-0.17500000000000002
